:020000040800F2
:10000000B83D00206102000839380008DB290008EB
:1000100035380008150B00084744000800000000B0
:10002000000000000000000000000000A101000826
:100030005F0C000800000000FD010008613D0008A1
:100040008502000885020008850200088502000874
:100050008502000885020008850200088502000864
:100060008502000885020008850200088502000854
:100070008502000885020008850200088502000844
:100080008502000885020008850200088502000834
:100090008502000885020008850200088502000824
:1000A0008502000885020008850200088502000814
:1000B0008502000885020008850200088502000804
:1000C00085020008850200088502000885020008F4
:1000D00085020008850200088502000885020008E4
:1000E00085020008850200088502000885020008D4
:1000F00085020008850200088502000885020008C4
:1001000085020008850200088502000885020008B3
:1001100085020008850200088502000885020008A3
:100120008502000885020008850200088502000893
:100130008502000885020008850200088502000883
:100140008502000885020008850200088502000873
:100150008502000885020008850200088502000863
:100160008502000885020008850200088502000853
:1001700085020008850200088502000800000000D2
:100180008502000885020008DFF810D000F0B2FBFD
:100190000048004795700008AFF30080B83D00208C
:1001A0002C4B19680868B0E8F04F80F30988BFF35A
:1001B0006F8F4FF0000080F311887047000000003F
:1001C00008480068006880F308884FF0000080F35A
:1001D000148862B661B6BFF34F8FBFF36F8F00DF35
:1001E00000BF00BF08ED00E0DFF80C00016841F43B
:1001F00070010160704700BF88ED00E0EFF30980F7
:10020000BFF36F8F134B1A681EF0100F08BF20ED5D
:10021000108A20E9F04F106009B44FF0500080F3CD
:100220001188BFF34F8FBFF36F8F08F0BFFF4FF000
:10023000000080F3118809BC19680868B0E8F04F25
:100240001EF0100F08BFB0EC108A80F30988BFF3CE
:100250006F8F704710010020EFF30580704700009A
:100260000948016841F47001016008488047084866
:100270000047FEE7FEE7FEE7FEE7FEE7FEE7FEE7F4
:10028000FEE7FEE7FEE7000088ED00E0753D0008B0
:10029000890100082DE9F05F0546002092469B4643
:1002A00088460646814640241BE02846414647468C
:1002B000224600F09BF853465A46C01A914110D38B
:1002C00011461846224600F082F82D1A67EB010805
:1002D0004F4622460120002100F079F817EB000973
:1002E0004E41201EA4F10104DFDC484631462A4677
:1002F0004346BDE8F09F40EA01039B0703D009E0B5
:1003000008C9121F08C0042AFAD203E011F8013B01
:1003100000F8013B521EF9D27047D2B201E000F85A
:10032000012B491EFBD270470022F6E710B5134699
:100330000A4604461946FFF7F0FF204610BD70B587
:10034000C1F30A5201F000450024C1F3130140F249
:10035000FF3341F480119A4201DA002070BD40F26F
:1003600033439A42A2F2334203DC524200F03EF899
:1003700000E090402C43F1D0404270BD00F00042BC
:1003800030F000400AD0C10D01F56071C0F31600D5
:1003900042EA0151C208400711437047002001465C
:1003A000704730B50B46014600202022012409E0A9
:1003B00021FA02F59D4205D303FA02F5491B04FA1E
:1003C00002F52844151EA2F10102F1DC30BD202AFD
:1003D00004DB203A00FA02F1002070479140C2F19C
:1003E000200320FA03F3194390407047202A04DBCE
:1003F000203A21FA02F00021704721FA02F3D0409E
:10040000C2F1200291400843194670470029A8BF55
:100410007047401C490008BF20F00100704710B42D
:10042000B0FA80FC00FA0CF050EA010404BF10BCE2
:10043000704749B1CCF1200421FA04F411FA0CF10F
:1004400018BF012121430843A3EB0C01CB1D4FEA48
:1004500000614FEA102042BF002010BC704700EB43
:10046000C35010440029A4BF10BC7047401C490071
:1004700008BF20F0010010BC7047F0B400F000424B
:1004800021F0004120F00040CE0DC30DC1F3160154
:1004900041F40001C0F316004C42154640F4000040
:1004A000761E09E010EB440002D582F00042404283
:1004B0008842F7D840005B1EB342F9DA18B1F0BCAD
:1004C0000021FFF7ACBF2846F0BC70472DE9FE4F76
:1004D000804681EA0300C00F0C46009021F00041E5
:1004E00023F00045B8EB0200A94105D24046214661
:1004F00090461C460B46024623F00040104347D06E
:10050000270DC7F30A00C3F30A510290401A019065
:1005100040286BDAC3F3130040F4801B0098924626
:1005200020B10023D2EB030A63EB0B0B0198594671
:10053000C0F140025046FFF74AFF06460D465046BE
:100540005946019A00F0E8F910EB080061410024D7
:1005500087EA115284EAE7731A4340D0009A62B3E3
:10056000019A012A4FEA075215DC001B61EB0201D8
:100570004FF0004202EA0752CDE90042001C41F56B
:10058000801132462B4600F0E8F903B0BDE8F08F49
:1005900040462146F9E7001B61EB0201001C41F5D2
:1005A000801300185B412018A2F5001747EB0301E8
:1005B00040EAD570B6196D4111E06D084FEA360674
:1005C00045EAC0754FEA0752001B61EB0201001CAF
:1005D00041F5801149084FEA300000195141324677
:1005E0002B4603B0BDE8F04F00F0A8B900980122F7
:1005F00040000023D0EB020263EBE0730098214639
:100600004FEAE074B8EB000061EB0401E9E783F026
:1006100000435BE781F0004158E72DE9FE4F81EA96
:10062000030404F0004421F0004100944FF0000B5B
:1006300023F0004350EA01045ED052EA03045BD089
:10064000C3F30A54C1F30A552C44A4F2F3340194C1
:10065000A0FB0254C1F3130141F48011C3F313034F
:1006600043F4801301FB024400FB034E840A970A03
:1006700044EA815447EA8357A4FB076802958D0A30
:1006800005FB07854FEA932C04FB0C542705029DBC
:100690004FEA065847EA1637B5EB08056EEB070C2C
:1006A000870E920E47EA811742EA8312A7FB0201E6
:1006B000B6EB0B0164EB00042B0D43EA0C335E1820
:1006C00044EB1C50DA465146E7FB0201C5F3130424
:1006D0004FEA0B3343EA14534FEA0432019C43EAD6
:1006E0000603A4F10C040294009CCDE900B400F0D0
:1006F00034F903B0BDE8F08F00200146F9E72DE999
:10070000F04D81EA030404F0004B21F0004514464B
:100710004FF0000A23F0004150EA050220D054EACD
:1007200001021DD0C5F30A570246C5F31303C1F3F6
:100730001300C1F30A5640F4801543F48013A7EB6D
:100740000608101BD64608F2FD3873EB050002D3ED
:1007500008F1010801E092185B41B8F1000F03DADB
:1007600000200146BDE8F08D00204FF480110646C0
:1007700084460EE0171B73EB050705D3121B63EBD2
:10078000050306434CEA010C49084FEA3000921871
:100790005B4150EA0107EDD152EA030012D082EA30
:1007A000040083EA0501084305D0101BAB4106D2C3
:1007B0000122002306E000224FF0004302E06FF028
:1007C000010253101AEB06004CEB085110EB0A0023
:1007D00041EB0B01BDE8F04D00F0B0B82DE9F04160
:1007E000054621F000400C46284309D0C4F30A50C6
:1007F00040F23341884205DD28462146BDE8F081BC
:100800002846FBE740F2FE31884210DC0CDB4FEA61
:10081000043040EA155050EA053105D0104804F084
:10082000004101430020E9E700200146E6E7A0F28D
:1008300033404642C6F1400228462146FFF7C7FD35
:1008400007468846284621463246FFF7CFFD4346F5
:100850003A4600F073F83246BDE8F041FFF7B7BD05
:100860000000F03FC1F30A52C1F3130140F2FF331D
:1008700041F480119A4202DA00200146704740F2AA
:1008800033439A42A2F2334202DC5242FFF7AEBD3A
:10089000FFF79DBD30B5041E71F1000404DB4FF07D
:1008A0000044404264EB0101141E73F1000405DBB7
:1008B0001C464FF00043524263EB04038B4208BFD7
:1008C000824230BD30B5041E71F1000404DB4FF0EC
:1008D0000044404264EB0101141E73F1000405DB87
:1008E0001C464FF00043524263EB0403994208BF99
:1008F000904230BD064C074D06E0E06840F0010331
:1009000094E8070098471034AC42F6D3FFF740FC58
:1009100054C1000874C10008202A06DBCB17203A16
:1009200041FA02F043EAE07306E041FA02F3D040F4
:10093000C2F12002914008431946704710B5141EB9
:1009400073F1000408DA401C41F1000192185B4188
:100950001A4301D120F0010010BD2DE9F04D92465F
:100960009B4611B1B1FA81F202E0B0FA80F2203276
:100970009046FFF72CFD04460F4640EA0A0041EA84
:100980000B0153465A46084313D0114653EA01005F
:1009900019D0C8F140025046FFF728FD05460E4623
:1009A000504659464246FFF712FD084305D0012044
:1009B00004E020463946BDE8F08D0020054346EAB4
:1009C000E0762C4337430A986305E40AA0EB08005D
:1009D0000022FD0A44EA47540A3002D500200146AD
:1009E000E9E7010510196941DDE908450019694188
:1009F000BDE8F04DA2E730B58C1810F8012B12F0CD
:100A00000F0301D110F8013B120906D110F8012B98
:100A100003E010F8015B01F8015B5B1EF9D101E016
:100A200001F8013B521EFBD1A142E6D3002030BDAC
:100A3000B7EE000A80ED000A9FED060A80ED010A7C
:100A40009FED040A80ED020A9FED020A80ED030A81
:100A500070470000000000002DE9F0412DED028BF1
:100A60000646B0EE408A0C4615461F4695ED020A32
:100A7000B0EE403A95ED010AF0EE402A95ED000AFD
:100A8000B0EE402A94ED020AF0EE401A94ED010A0D
:100A9000B0EE401A94ED000AF0EE400AB0EE480ABB
:100AA000304602F033FDBDEC028BBDE8F081000062
:100AB00010B500BF00224FF40041144800F0A4FA22
:100AC00000BF052212492A2006F002FE0121212042
:100AD00006F026FE0121222006F022FE1E212520FE
:100AE00006F01EFE2021312006F01AFE0F212620DE
:100AF00006F016FE0F21202006F012FE00BF012294
:100B0000D103024800F080FA00BF10BD000C024083
:100B10007400002000BFFEE708B508F04FFF00900A
:100B200014E00B4806F0A0FD48B9094800785528A4
:100B300005D10748C07CFF2801D106F00FFE022036
:100B400006F0FEF90221684608F0B2FEE9E700006F
:100B5000940400200146087810381823B0FBF3F203
:100B60000848805CC865032A05D908686FF3090046
:100B7000001D886503E008686FF309008865886DCB
:100B80007047000044A00008014600208A6A8B6973
:100B9000CBB932B1012A0DD0022A03D0032A10D1D9
:100BA0000EE000BFCB6A03F08073B3F1807F00D109
:100BB000012007E0CB6AB3F1C07F00D1012001E042
:100BC00000E000BF34E08B69B3F5005F1AD132B1A9
:100BD000012A07D0022A03D0032A11D10AE000BF5C
:100BE00001200EE0CB6A03F08073B3F1807F00D167
:100BF000012006E0CB6AB3F1C07F00D1012000E004
:100C000000BF15E032B1012A05D0022A04D0032A20
:100C10000CD103E000BF00BF012008E0CB6A03F065
:100C20008073B3F1807F00D1012000E000BF00BFDE
:100C3000704730B50468246824F4802405682C606B
:100C4000046863608468402C04D10468A26004686E
:100C5000E16003E00468A1600468E26030BD7047B1
:100C60002DE9F0410446002500F0DAF9074614B9F1
:100C70000120BDE8F081606A00B100BF00BF002024
:100C800084F8340000BF022084F835002068006832
:100C900020F00100216808600AE000F0C1F9C01BE3
:100CA000052805D920206065032084F83500E0E799
:100CB0002068006800F001000028EED12068056877
:100CC00021480540D4E901010843E168084321694E
:100CD000084361690843A1690843E1690843216A3F
:100CE00008430543606A042803D1D4E90B01084393
:100CF0000543206805602068456925F00705606A9E
:100D00000543606A04280DD1A06A0543E06A48B132
:100D10002046FFF739FF28B140206065012084F8A4
:100D20003500A6E7206845612046FFF713FF064619
:100D300094F85C103F208840B0600020606501207E
:100D400084F83500002094E73F8010F02DE9F0474B
:100D500004460D4616461F464FF00008D4F858903A
:100D600000BF94F83400012802D10220BDE8F087CA
:100D7000012084F8340000BF94F83500012825D103
:100D8000022084F83500002060653B463246294643
:100D90002046FFF74EFF94F85C103F208840C9F8CA
:100DA00008002068006840F0160021680860206C88
:100DB00028B12068006840F00800216808602068B9
:100DC000006840F001002168086006E000BF0020D4
:100DD00084F8340000BF4FF002084046C6E7000028
:100DE000F8B502460B460025002400200021DEE075
:100DF000012606FA01F51E6806EA0504AC4275D123
:100E00001E7906F00306012E04D01E7906F00306B3
:100E1000022E13D190684F000326BE40B0434F000E
:100E2000DE68BE4030439060506801268E40B0437B
:100E30001E79C6F300168E40304350601E7906F0CE
:100E40000306032E09D0D0684F000326BE40B043EE
:100E50004F009E68BE403043D0601E7906F0030606
:100E6000022E13D1CF0802F1200656F827004E07B4
:100E7000F70E0F26BE40B0434F07FF0E1E69BE405F
:100E80003043CF0802F1200646F8270010684F00D3
:100E90000326BE40B0431E7906F003064F00BE4055
:100EA000304310605E6806F08056B6F1805F7DD1F9
:100EB00000BF00260096404E366846F480463E4FFE
:100EC0003E603E46366806F48046009600BF00BF8E
:100ED0003A4E8F0856F827008E07370F0F26BE4070
:100EE000B043374EB24202D1002624E05EE0354ED8
:100EF000B24201D101261EE0334EB24201D1022698
:100F000019E0324EB24201D1032614E0304EB24213
:100F100001D104260FE02F4EB24201D105260AE08E
:100F20002D4EB24201D1062605E02C4EB24201D12F
:100F3000072600E008268F073F0FBE4030431F4EB4
:100F40008F0846F82700264E3068A0435E6806F4F6
:100F50008036B6F5803F00D12043214E3060361DEB
:100F60003068A0435E6806F40036B6F5003F00D155
:100F700020431B4E361D3060361D3068A0435E682E
:100F800006F48016B6F5801F00D12043144E0836B3
:100F90003060361D3068A0435E6806F40016B6F572
:100FA000001F00D120430E4E0C363060491C102922
:100FB000FFF41EAFF8BD000044380240083801407D
:100FC000000002400004024000080240000C024001
:100FD000001002400014024000180240001C0240B1
:100FE000003C0140024613690B400BB1012000E0B8
:100FF0000020704710B5426921EA020302EA0104A9
:1010000043EA0443836110BD0AB1816101E00B042E
:101010008361704701480068000C7047002004E0BD
:1010200001480068704700004400002010B50446E5
:101030000CB9012010BD242084F83D002068006810
:1010400020F0010021680860204600F0FDFB002030
:10105000206484F83D00206384F83E0000BF84F8DB
:101060003C0000BF00BFE5E770B504460CB90120A5
:1010700070BD94F83D0028B9002084F83C0020465B
:1010800000F0E3FB242084F83D002068006820F095
:101090000100216808602068006840F40040216871
:1010A00008602068006820F400402168086000F0B3
:1010B00033FD05465C496068884206D85B48854236
:1010C00001D2012007E0002005E05948854201D205
:1010D000012000E00020012800D1C9E75548B5FBF8
:1010E000F0F62068406820F03F00304321684860F7
:1010F0004D496068884201D8701C07E04FF4967033
:1011000070434FF47A71B0FBF1F0401C2168096A1A
:1011100021F03F0108432168086243496068884222
:1011200014D8681E61684900B0FBF1F0401CC0F3A0
:101130000B00042801D204203DE0681E61684900CC
:10114000B0FBF1F0401CC0F30B0034E0A06838B9EC
:10115000681E616801EB4101B0FBF1F0401C0AE040
:10116000681E616801EBC10202EB0111B0FBF1F0F6
:10117000401C40F48040C0F30B0008B901201AE085
:10118000A06848B9681E616801EB4101B0FBF1F04D
:10119000401CC0F30B000CE0681E616801EBC1024B
:1011A00002EB0111B0FBF1F0401CC0F30B0040F466
:1011B000804040F400402168C9694CF6FF729143B9
:1011C00008432168C861D4E9070108432168096818
:1011D00021F0C001084321680860D4E903100843E6
:1011E0002168896848F2FF3291430843216888608A
:1011F000D4E9050108432168C96821F0FF010843CB
:101200002168C8602068006840F00100216808601B
:1012100000202064202084F83D000020206384F812
:101220003E0000BF24E70000A086010080841E006D
:1012300000093D0040420F002DE9F84F04460F46DB
:1012400090461E46FFF7ECFE05464FF0010994F864
:101250003D0020287ED119230122634920460095B4
:1012600001F02AFD10B10220BDE8F88F00BF94F80C
:101270003C00012801D10220F6E7012084F83C005F
:1012800000BF2068006800F0010028B920680068ED
:1012900040F00100216808602068006820F40060C8
:1012A00021680860242084F83D00002020644F4815
:1012B000E06200BF2068006840F480702168086028
:1012C000334600224FF001112046009501F0F4FC56
:1012D00058B12068006800F48070B0F5807F02D1BA
:1012E0004FF4007020640320BEE707F0FE00216881
:1012F0000861FFF795FE054620684069C0F3400A83
:1013000020684069C0F3802B10E0FFF789FE401B86
:10131000B04200D816B9A02084F83D00206840698A
:10132000C0F3400A20684069C0F3802B94F83D0068
:10133000A02805D0BAF1000F02D1BBF1000FE4D014
:10134000202084F83D0020684069C0F3400028B3A5
:10135000206800E045E0006840F400702168086003
:1013600000BF0020009020684069009020688069DC
:10137000009000BF00BF192301221B4920460095A1
:1013800001F09AFC08B101206EE7202084F83D00AE
:1013900000BF002084F83C0000BF65E720680068BB
:1013A00040F40070216808606FF480602168486133
:1013B000192301220C492046009501F07DFC08B15B
:1013C000012051E709F10109C145FFF473AF202065
:1013D00084F83D0000BF002084F83C0000BF0120DD
:1013E00042E7022040E70000020010000000FFFF7B
:1013F0002DE9FC5F04460F4690469946DDE90CABAB
:101400000E9EFFF70DFE054694F83D00202870D192
:1014100019230122B0492046009501F04DFC10B17E
:101420000220BDE8FC9F00BF94F83C00012801D1D8
:101430000220F6E7012084F83C0000BF2068006825
:1014400000F0010028B92068006840F00100216820
:1014500008602068006820F400602168086022208D
:1014600084F83D00402084F83E0000202064C4F849
:1014700024A0A4F82AB0608D20859848E0624B46ED
:10148000424639462046CDE9006501F0C7FA08B169
:101490000120C6E7208D88B900BF00200190206898
:1014A0004069019020688069019000BF00BF2068FA
:1014B000006840F400702168086040E0208D012839
:1014C00018D12068006820F480602168086000BF9F
:1014D0000020019020684069019020688069019097
:1014E00000BF00BF2068006840F4007021680860F9
:1014F00025E0EFE0208D022816D12068006820F456
:101500008060216808602068006840F400602168FD
:10151000086000BF002001902068406901902068A9
:101520008069019000BF0AE000BF002001902068A0
:101530004069019020688069019000BF00BFBAE057
:10154000208D03287ED8208D012815D12A463146CA
:10155000204601F056FC08B1012062E720680069CE
:10156000616A0870606A401C6062208D401E2085A0
:10157000608D401E60859EE0208D02282AD1334672
:10158000002257492046009501F096FB08B1012042
:1015900047E72068006840F4007021680860206810
:1015A0000069616A0870606A401C6062208D401E9C
:1015B0002085608D401E608520680069616A087022
:1015C000606A401C6062208D401E2085608D401E38
:1015D000608570E03346002241492046009501F0C5
:1015E0006BFB08B101201CE72068006820F48060D4
:1015F0002168086020680069616A0870606A401CA0
:101600006062208D401E2085608D401E60853346BF
:10161000002233492046009501F04EFB08B101201D
:10162000FFE62068006840F40070216808602068C8
:101630000069616A0870606A401C6062208D401E0B
:10164000208500E010E0608D401E60852068006904
:10165000616A0870606A401C6062208D401E2085AF
:10166000608D401E608526E02A463146204601F006
:10167000C8FB08B10120D4E620680069616A0870DF
:10168000606A401C6062208D401E2085608D401E77
:10169000608520684069C0F3800060B120680069FF
:1016A000616A0870606A401C6062208D401E20855F
:1016B000608D401E6085208D00287FF441AF202082
:1016C00084F83D00002084F83E0000BF84F83C0010
:1016D00000BFA6E60220A4E6020010000000FFFF03
:1016E000040001002DE9FC5F04460F469046994630
:1016F000DDE90CAB0E9EFFF793FC054694F83D0028
:1017000020287DD1192301224D492046009501F062
:10171000D3FA10B10220BDE8FC9F00BF94F83C0052
:10172000012801D10220F6E7012084F83C0000BF27
:101730002068006800F0010028B92068006840F0C7
:101740000100216808602068006820F400602168BA
:101750000860212084F83D00402084F83E000020ED
:101760002064C4F824A0A4F82AB0608D20853548F0
:10177000E0624B46424639462046CDE9006501F01D
:10178000FDF908B10120C6E731E02A46314620467E
:1017900001F077FB50B1206C042805D12068006867
:1017A00040F40070216808600120B4E7606A0078A6
:1017B00021680861606A401C6062208D401E20859F
:1017C000608D401E608520684069C0F3800070B164
:1017D000208D60B1606A007821680861606A401CF1
:1017E0006062208D401E2085608D401E6085208DAA
:1017F0000028CAD12A463146204601F02FFA00E0DF
:101800001CE050B1206C042805D12068006840F429
:1018100000702168086001207DE72068006840F4BE
:10182000007021680860202084F83D00002084F8C2
:101830003E0000BF84F83C0000BF6CE702206AE76E
:10184000020010000000FFFF704770470348006867
:1018500003490978084401490860704744000020A2
:101860004C00002010B50A48006840F40070084998
:1018700008600846006840F480600860032000F0BB
:101880006FF80F2000F006F800F02AF8002010BDD5
:10189000003C024070B504460E4800784FF47A715F
:1018A000B1FBF0F00C490968B1FBF0F5284600F0F7
:1018B00046FE08B1012070BD102C07D2002221463F
:1018C000501E00F00EF80548046001E00120F2E728
:1018D0000020F0E74C00002000000020480000201D
:1018E00070472DE9F05F80460D461646002702F04E
:1018F000D1FD074639462A46334601F00700C0F1BC
:10190000070ABAF1040F02D94FF0040A01E0C0F14E
:10191000070AD14600F1040ABAF1070F02D24FF0CC
:10192000000A01E0A0F1030AD4464FF0010A0AFAC6
:1019300009FAAAF1010A0AEA020A0AFA0CFA4FF0B5
:10194000010B0BFA0CFBABF1010B0BEA030B4AEAA0
:101950000B042146404602F0A5FDBDE8F09F0000C3
:1019600000BF00F00702064B19684FF6FF0319404D
:10197000044B0B4343EA0221014B196000BF70473F
:101980000CED00E00000FA0570B504460D460CB9F8
:10199000012070BD5848006800F00700A84209D235
:1019A00055490D700846006800F00700A84201D0B4
:1019B0000120EEE7207800F0020002281DD12078F7
:1019C00000F00400042805D14C48006840F4E050C1
:1019D0004A490860207800F00800082805D14748E7
:1019E000006840F46040454908604448006820F0C1
:1019F000F000A168084341490860207800F0010028
:101A0000A8B36068012807D13C4808380068C0F3D3
:101A10004040B8B90120BCE76068022802D0606885
:101A2000032807D1354808380068C0F3406048B93A
:101A30000120AEE7314808380068C0F3400008B91B
:101A40000120A6E72D48006820F0030061680843E4
:101A50002A490860FFF7E4FA064609E0FFF7E0FAD2
:101A6000801B41F28831884202D9032091E707E0C8
:101A70002248006800F00C006168B0EB810FEDD1E6
:101A80001D48006800F00700A84209D91A490D70E6
:101A90000846006800F00700A84201D0012078E75E
:101AA000207800F00400042807D11448006820F4CE
:101AB000E050E168084311490860207800F0080010
:101AC000082808D10D48006820F46040216940EAE8
:101AD000C1000A49086000F03FF808490968C1F3ED
:101AE0000311074A515CC84006490860064800686F
:101AF000FFF7D0FE00204CE7003C024008380240CF
:101B00002CA00008000000204800002001480068C8
:101B1000704700000000002000B5FFF7F7FF044900
:101B20000968C1F38221034A515CC84000BD00002E
:101B3000083802403CA0000800B5FFF7E7FF044961
:101B40000968C1F34231034A515CC84000BD00003E
:101B5000083802403CA000082DE9F0470024002589
:101B60000026A1462548006800F00C0020B104289A
:101B700005D008283AD105E0DFF8849039E0DFF895
:101B8000849036E01D48001F006800F03F041B48A9
:101B9000001F006800F4800078B11A481749091F37
:101BA0000968C1F38811A0FB017001462246002399
:101BB0003846FEF76FFB05460EE011480F49091F36
:101BC0000968C1F38811A0FB017001462246002379
:101BD0003846FEF75FFB05460848001F0068C0F363
:101BE0000140401C4600B5FBF6F902E0DFF810901A
:101BF00000BF00BF4846BDE8F0870000083802403B
:101C00000024F40000127A00F8B504460CB9012053
:101C1000F8BD207800F00100002874D0F948006871
:101C200000F00C0004280DD0F648006800F00C000D
:101C3000082813D1F348001F006800F48000B0F5B5
:101C4000800F0BD1EF4808380068C0F340400028EF
:101C500059D06068002856D10120D9E700BF6068DC
:101C6000B0F5803F08D1E7480838006840F480307C
:101C7000E449083908601EE06068B0F5A02F0DD176
:101C8000E0480838006840F48020DE4908390860E0
:101C90000846006840F4803008600CE0D9480838F5
:101CA000006820F48030D749083908600846006889
:101CB00020F48020086000BF606890B1FFF7B0F9A1
:101CC000054606E0FFF7ACF9401B642801D9032064
:101CD0009EE7CC4808380068C0F340400028F1D0A7
:101CE00011E0FFF79DF9054606E0FFF799F9401B63
:101CF000642801D903208BE7C24808380068C0F384
:101D000040400028F1D1207800F0020002285FD185
:101D1000BC48006800F00C0058B1BA48006800F0F8
:101D20000C0008281CD1B748001F006800F4800090
:101D3000B0B9B44808380068C0F3400020B1E0688A
:101D4000012801D0012063E7AE480838006820F080
:101D5000F800216940EAC100AA490839086037E063
:101D6000E06800B30120A8490860FFF759F905466B
:101D700006E0FFF755F9401B022801D9032047E789
:101D8000A04808380068C0F340000028F1D09D4802
:101D90000838006820F0F800216940EAC10099493C
:101DA0000839086014E0002097490860FFF738F907
:101DB000054606E0FFF734F9401B022801D903204D
:101DC00026E7904808380068C0F340000028F1D1A9
:101DD000207800F0080008282CD16069A8B1012003
:101DE0008A490860FFF71CF9054606E0FFF718F975
:101DF000401B022801D903200AE782486C300068A2
:101E0000C0F340000028F1D014E000207F490860B2
:101E1000FFF706F9054606E0FFF702F9401B022826
:101E200001D90320F4E677486C300068C0F3400025
:101E30000028F1D1207800F00400042870D1002798
:101E400070483830006800F0805090B900BF002022
:101E500000906C483830006840F080506949383153
:101E600008600846006800F08050009000BF00BF86
:101E700001276748006800F48070B0B964480068C2
:101E800040F4807062490860FFF7CAF8054606E032
:101E9000FFF7C6F8401B022801D90320B8E65C48CA
:101EA000006800F480700028F2D000BFA06801280C
:101EB00008D154486830006840F001005149683149
:101EC00008601DE0A06805280DD14E486830006804
:101ED00040F004004B49683108600846006840F053
:101EE000010008600CE047486830006820F00100FD
:101EF0004449683108600846006820F00400086022
:101F000000BFA068A8B1FFF78BF8054609E0FFF70E
:101F100087F8401B41F28831884202D9032077E6D6
:101F200026E0384868300068C0F340000028EED052
:101F300013E0FFF775F8054608E0FFF771F8401B5E
:101F400041F28831884201D9032061E62D4868308A
:101F50000068C0F340000028EFD1012F07D12948C5
:101F60003830006820F0805026493831086000BFC2
:101F7000A069002845D02348006800F00C0008281C
:101F80005DD0A069022845D100201F490866FFF7EF
:101F900047F8054606E0FFF743F8401B022801D941
:101FA000032035E6174808380068C0F34060002871
:101FB000F1D1D4E907010843616A40EA81110122A5
:101FC000A06AC2EB500041EA00412C20005D41EACA
:101FD00000600C49091F086001200B490866FFF7E3
:101FE0001FF8054606E0FFF71BF8401B022801D941
:101FF00003200DE6034808380068C0F3406000285D
:10200000F1D049E00838024000004742800E4742C4
:1020100000700040002021490866FFF701F80546DE
:1020200006E0FEF7FDFF401B022801D90320EFE583
:102030001B480068C0F340600028F2D12CE0A06982
:10204000012800D1E4E51648001D0668A0690128B2
:1020500020D006F48001E06981421BD106F03F01E7
:10206000206A814216D147F6C0703040616AB0EBF9
:10207000811F0FD106F440310122A06AC2EB50004B
:10208000B1EB004F06D106F070612C20005DB1EB82
:10209000006F01D00120BBE50020B9E500004742F8
:1020A0000038024010B504460CB9012010BD606A2A
:1020B00038B96068B0F5827F00D105E00021E161A8
:1020C00002E0002121616161A06AB0F5005F00D1EA
:1020D00000BF94F8510028B9002084F85000204631
:1020E00000F050F8022084F851002068006820F0C9
:1020F000400021680860A08800F48270218901F402
:1021000004410843A18901F400610843217C01F0E6
:1021100002010843217D01F001010843218B01F4F4
:1021200000710843217F01F0380108432021095D37
:1021300001F080010843218D01F40051084321681A
:1021400008600421A06901EA104094F8241001F00D
:102150001001084321684860A06AB0F5005F03D110
:10216000A08D80B2216808612068C06920F40060F9
:102170002168C86100206065012084F851000020BA
:1021800094E7000010B586B004462B4920688842C9
:1021900050D100BF00BF002000902848006840F0E8
:1021A0000200264908600846006800F0020000901E
:1021B00000BF00BF00BF00BF00BF00200090084666
:1021C000006840F0020008600846006800F0020065
:1021D000009000BF00BF00BF00BF00BF0020009004
:1021E0000846006840F0020008600846006800F0F9
:1021F0000200009000BF00BF00BF4FF400500190EC
:1022000002200290012003900220049005200590F6
:1022100001A90B48FEF7E4FD4FF48040019001A9AD
:102220000748FEF7DDFD4FF40040019001A9044886
:10223000FEF7D6FD06B010BD003800403038024031
:10224000000402402DE9F04F85B0044688469146CF
:102250001D460E9E00200490012002900020019057
:1022600000BF94F85000012803D1022005B0BDE85A
:10227000F08F012084F8500000BFFEF7D1FE074622
:1022800094F851B060680390AA46BBF1010F0BD0DF
:102290000398B0F5827F04D1A06810B9BBF1040F98
:1022A00002D0022001902CE1B8F1000F03D0B9F167
:1022B000000F00D015B90120019022E194F85100DF
:1022C000042802D0052084F8510000206065C4F87D
:1022D0003890E587A587C4F83080E586A586206418
:1022E0006064A06AB0F5005F0DD100BF206800688F
:1022F00020F40050216808602068006840F4005015
:102300002168086000BF2068006800F04000402895
:1023100005D02068006840F0400021680860E0684F
:10232000B0F5006F56D1606810B1BAF1010F09D154
:10233000206B00882168C860206B801C2063E08EC1
:10234000401EE0863FE02068806800F0020002281E
:102350001CD1E08ED0B10298012817D1206B0088E3
:102360002168C860206B801C2063E08E401EE086E0
:1023700000200290E08E48B9A06AB0F5005F05D158
:102380002068006840F480502168086020688068F8
:1023900000F0010068B1E08F58B12068C068A16BFF
:1023A0000880A06B801CA063E08F401EE0870120A6
:1023B0000290FEF735FEC01BB04204D3701C10B172
:1023C000032001909DE0E08E0028BCD1E08F002822
:1023D000B9D156E0606810B1BAF1010F09D1206B94
:1023E000007821680873206B401C2063E08E401E3B
:1023F000E08640E02068806800F0020002281CD1DE
:10240000E08ED0B10298012817D1206B00782168A6
:102410000873206B401C2063E08E401EE086002085
:102420000290E08E48B9A06AB0F5005F05D120683F
:10243000006840F48050216808602068806800F0DF
:10244000010068B1E08F58B12068C068A16B0870C6
:10245000A06B401CA063E08F401EE087012002902B
:10246000FEF7DEFDC01BB04201D3701C00B916B9E7
:102470000320019045E0E08E0028BBD1E08F0028CA
:10248000B8D1A06AB0F5005F12D1334601221146DF
:102490002046009701F0F8FB30B1606D40F002007B
:1024A0006065032001902CE02068C068049000BFA4
:1024B0002068806800F01000102809D1606D40F09D
:1024C000020060654FF6EF7021688860012001907E
:1024D0003A463146204601F0A1FB20B1012001908F
:1024E000202060650DE0A06850B900BF002000907A
:1024F0002068C068009020688068009000BF00BF1E
:1025000000BF012084F8510000BF002084F8500073
:1025100000BF0198AAE6042808D14FF0E02109691C
:1025200041F004014FF0E022116107E04FF0E0219B
:10253000096921F004014FF0E0221161704770B584
:1025400004462546681EB0F1807F01D301200FE0CC
:10255000681E4FF0E02148610F214FF0FF3001F07D
:10256000A1FF00204FF0E0218861072008610020D2
:1025700070BD70B504460D46164600BF94F83C0089
:10258000012801D1022070BD012084F83C0000BF69
:1025900036B1042E1BD0082E31D00C2E5ED145E072
:1025A0002946206801F06EFC2068806940F0080030
:1025B000216888612068806920F0040021688861B2
:1025C00020688069296908432168886147E02946B5
:1025D000206801F08FFC2068806940F40060216869
:1025E00088612068806920F48060216888612068A3
:1025F0008069296940EA0120216888612FE0294625
:10260000206801F0B5FC2068C06940F0080021682E
:10261000C8612068C06920F004002168C861206892
:10262000C069296908432168C86118E02946206803
:1026300001F0DAFC2068C06940F400602168C861DC
:102640002068C06920F480602168C8612068C06982
:10265000296940EA01202168C86100E000BF00BF8D
:1026600000BF002084F83C0000BF00BF8BE710B51E
:1026700004460CB9012010BD94F83D0028B9002093
:1026800084F83C00204600F025F8022084F83D0044
:10269000211D206801F078FB012084F8460000BF6E
:1026A00084F83E0001213F20015540200155412082
:1026B000015500BF00BF012084F8420043200155AE
:1026C000442001554520015500BF012084F83D00FC
:1026D0000020D0E710B586B004461C492068884227
:1026E00031D100BF002000901948006840F002007E
:1026F000174908600846006800F00200009000BF1B
:1027000000BF00BF0020009011481438006840F05E
:1027100004000F49143908600846006800F00400FE
:10272000009000BF00BF4FF4707001900220029033
:1027300001200390022004900320059001A9054880
:10274000FEF74EFB00BF06B010BD000000040140C4
:10275000443802400008024070B504460D4615B9E1
:1027600094F83E000BE0042D02D13F20005D06E00E
:10277000082D02D14020005D01E04120005D0128CC
:1027800001D0012070BD1DB9022084F83E000EE08A
:10279000042D03D102213F20015508E0082D03D16B
:1027A00002214020015502E0022141200155012271
:1027B0002946206801F054FB23492068884203D051
:1027C00022492068884201D1012000E0002028B180
:1027D0002068406C40F40040216848641A49206831
:1027E00088421BD02068B0F1804F17D0184920686C
:1027F000884213D01749206888420FD016492068B4
:1028000088420BD011492068884207D013492068BC
:10281000884203D01249206888420CD12068806821
:1028200000F00706062E0CD02068006840F001007A
:102830002168086005E02068006840F00100216818
:10284000086000209EE700000000014000040140F5
:102850000004004000080040000C0040004001401F
:10286000001800407047704710B504460CB90120AD
:1028700010BDA06900B100E000BF94F83D0028B988
:10288000002084F83C00204600F028F8242084F83A
:102890003D002068C06820F400502168C8602046D0
:1028A00001F05EFC2068006920F490402168086116
:1028B0002068406920F02A00216848612068C068CB
:1028C00040F400502168C86000202064202084F873
:1028D0003D0084F83E000020CAE7000010B586B035
:1028E00004462949206888424CD100BF002000904E
:1028F0002648006840F00400244908600846006843
:1029000000F00400009000BF00BF00BF0020009056
:102910001E481030006840F480201C4910310860C7
:102920000846006800F48020009000BF00BF00BF90
:10293000002000901548006840F40010134908601A
:102940000846006800F40010009000BF00BF0815A2
:1029500001900220029001200390022004900720A1
:10296000059001A90A48FEF73BFA4FF40060019078
:1029700002200290002003900720059001A904483E
:10298000FEF72EFA06B010BD004800403038024075
:102990000008024070B504460D46164694F83E0005
:1029A000202816D105B10EB9012070BD00BF94F8E2
:1029B0003C00012801D10220F7E7012084F83C0007
:1029C00000BF0020206332462946204601F0DEFC8D
:1029D000EBE70220E9E77047704700BFFEE70146DA
:1029E00008684069C0F38020B0B16FF480600A6865
:1029F000506100200863202081F83D00002081F80C
:102A00003E00086C40F00400086400BF002081F81C
:102A10003C0000BF012070470020FCE72DE9F8438F
:102A200004460F4615469946DDE908862068006889
:102A300040F48060216808602068006840F480707D
:102A400021680860434600224FF00111204600969D
:102A500000F032F960B12068006800F48070B0F5D1
:102A6000807F02D14FF4007020640320BDE8F8831A
:102A700007F0FE0021680861334642463E49204681
:102A800000F05DF908B10120F0E700BF00200090E0
:102A900020684069009020688069009000BF00BFF6
:102AA00032464146204600F0ECF950B1206C042833
:102AB00005D12068006840F400702168086001209A
:102AC000D4E7B9F1010F03D1E8B22168086117E03A
:102AD000C5F307202168086132464146204600F0D0
:102AE000D0F950B1206C042805D12068006840F46A
:102AF0000070216808600120B8E7E8B22168086129
:102B000032464146204600F0BCF950B1206C042802
:102B100005D12068006840F4007021680860012039
:102B2000A4E72068006840F480702168086043468C
:102B300000224FF001112046009600F0BDF858B178
:102B40002068006800F48070B0F5807F02D14FF4F7
:102B500000702064032089E7F8B240F0010021688A
:102B60000861334642460449204600F0E8F808B1BF
:102B700001207BE7002079E7020001002DE9F843FE
:102B80000446884615469946DDE9086720680068CE
:102B900040F4807021680860334600224FF0011134
:102BA0002046009700F088F860B12068006800F4C3
:102BB0008070B0F5807F02D14FF400702064032054
:102BC000BDE8F88308F0FE00216808613B46324604
:102BD0002149204600F0B3F808B10120F0E700BF1A
:102BE0000020009020684069009020688069009073
:102BF00000BF00BF3A463146204600F042F950B1CE
:102C0000206C042805D12068006840F40070216819
:102C100008600120D4E7B9F1010F03D1E8B22168BF
:102C2000086117E0C5F30720216808613A4631467C
:102C3000204600F026F950B1206C042805D1206808
:102C4000006840F40070216808600120B8E7E8B22D
:102C5000216808610020B3E70200010070B5044656
:102C60000D46164620E02046FFF7B9FE08B10120C8
:102C700070BD681CC0B1FEF7D3F9801BA84200D814
:102C800095B900202063202084F83D00002084F8BE
:102C90003E00206C40F02000206400BF002084F83B
:102CA0003C0000BF0120E3E720684069C0F38000DA
:102CB0000028D8D00020DBE72DE9F04104460D467E
:102CC00017461E46DDF818801CE0701CD0B1FEF7D8
:102CD000A7F9A0EB0800B04200D89EB900202063FD
:102CE000202084F83D00002084F83E00206C40F055
:102CF0002000206400BF002084F83C0000BF0120B9
:102D0000BDE8F081C5F3074001280AD12068406979
:102D1000A9B20840A9B2884201D101200BE00020ED
:102D200009E020688069A9B20840A9B2884201D1AF
:102D3000012000E00020B842C7D00020E0E72DE9E4
:102D4000F04104460D4616461F463DE020684069A6
:102D5000C0F38020E8B12068006840F4007021686A
:102D600008606FF4806021684861002020632020A3
:102D700084F83D00002084F83E00206C40F0040000
:102D8000206400BF002084F83C0000BF0120BDE8A3
:102D9000F081701CC0B1FEF743F9C01BB04200D8EF
:102DA00096B900202063202084F83D00002084F89C
:102DB0003E00206C40F02000206400BF002084F81A
:102DC0003C0000BF0120E2E7C5F3074001280AD11B
:102DD00020684069A9B20840A9B2884201D1012007
:102DE0000BE0002009E020688069A9B20840A9B280
:102DF000884201D1012000E000200028A6D0002058
:102E0000C5E770B504460D46164632E020684069B5
:102E1000C0F30010A0B16FF01000216848610020DD
:102E20002063202084F83D00002084F83E00206CC0
:102E3000206400BF002084F83C0000BF012070BD6A
:102E4000FEF7EEF8801BA84200D895B90020206359
:102E5000202084F83D00002084F83E00206C40F0E3
:102E60002000206400BF002084F83C0000BF012047
:102E7000E5E720684069C0F380100028C6D0002034
:102E8000DDE770B504460D46164620E02046FFF704
:102E9000A6FD08B1012070BD681CC0B1FEF7C0F8E6
:102EA000801BA84200D895B900202063202084F818
:102EB0003D00002084F83E00206C40F0200020649B
:102EC00000BF002084F83C0000BF0120E3E7206839
:102ED0004069C0F3C0100028D8D00020DBE7000014
:102EE00000B587B0142102A8FDF71EFA00BF00202C
:102EF00001901348006840F002001149086008463C
:102F0000006800F00200019000BF00BF08150290A9
:102F100012200390012004900320059004200690C5
:102F200002A90848FDF75CFF4FF4006002900420FE
:102F3000069002A90348FDF753FF07B000BD00004B
:102F4000303802400004024008B500BF0020009065
:102F50001148006840F480000F4908600846006886
:102F600000F48000009000BF00BF0C480C490860CE
:102F70000C48486000210A488160C1604FF48041DC
:102F80000161002141618161C1610162FEF76CF85C
:102F900008B100BFFEE708BD4038024000580040BD
:102FA000CC030020801A0600012131B101290DD087
:102FB000022914D0032924D11AE000EE100AF8EEF9
:102FC000C00A9FED111A80EE810A704700EE100AC8
:102FD000F8EEC00A9FED0D1A80EE810AF5E700EECB
:102FE000100AF8EEC00A9FED0A1A80EE810AECE79B
:102FF00000EE100AF8EEC00A9FED061A80EE810A74
:10300000E3E79FED050AE0E7000080460000004688
:1030100000008045000000450000000010B50021C0
:103020000248007802F050FF10BD00000B010020A4
:103030002DE9FE4F04460D4616461F46DDE90C9A63
:10304000DDF838803048007860B15CB155B14EB1E0
:1030500047B1B9F1000F05D0BAF1000F02D0B8F1B5
:10306000000F02D10320BDE8FE8F0C2269461046F6
:1030700003F052FB08B10320F5E79DF800009DF82E
:10308000011040EA012000B220809DF802009DF866
:10309000031040EA012000B228809DF804009DF84A
:1030A000051040EA012000B230809DF806009DF82E
:1030B000071040EA012000B238809DF808009DF812
:1030C000091040EA012000B2A9F800009DF80A00AA
:1030D0009DF80B1040EA012000B2AAF8000002227D
:1030E0006946222003F018FB48B99DF800009DF8BE
:1030F000011040EA012000B2A8F8000002E0002020
:10310000A8F800000020AEE70C010020014800787C
:10311000704700000B0100200021052931D2DFE8B3
:1031200001F0030C151E270000EE100AF8EEC00A8D
:103130009FED151A80EE810A704700EE100AF8EE36
:10314000C00A9FED121A80EE810AF5E700EE100A20
:10315000F8EEC00A9FED0E1A80EE810AECE700EE51
:10316000100AF8EEC00A9FED0B1A80EE810AE3E721
:1031700000EE100AF8EEC00A9FED071A80EE810AF1
:10318000DAE79FED060AD7E733338341333303424F
:10319000333383423333034333338343000000002C
:1031A00038B500208449087003F0E0F900BF002220
:1031B00008218248FDF728FF00BF00BF0022102130
:1031C0007E48FDF721FF00BF142002F049FC1020CB
:1031D0007B498872692003F05DFA0546784845749A
:1031E000242D05D1807C40F002007549887401E0EF
:1031F00002F0C4FD00BF242D05D1012210216F482B
:10320000FDF702FF04E0002210216C48FDF7FCFEF0
:1032100000BF11206A498872682003F03BFA044617
:1032200067480474242C05D1807C40F00100644977
:10323000887401E002F0A2FD00BF242C05D1012218
:1032400008215E48FDF7E0FE04E0002208215B480B
:10325000FDF7DAFE00BF242D01D15AA000E05AA0EC
:103260000090242C01D157A000E057A002462B4625
:10327000214657A001F0EAF8242D05D169206349C1
:1032800008704F48057313E0242C05D168205F496E
:1032900008704B4804730BE0494804735B4800789E
:1032A0004749487303F054F901204549C87238BDB5
:1032B000564800784249487303F04AF920204049B3
:1032C0008872B6217E2003F035FA98B103F040F9F8
:1032D00000BF002208213948FDF796FE00BF00BF5D
:1032E000002210213548FDF78FFE00BF022034492F
:1032F000C872DCE7022002F0B3FB2120304988725B
:10330000FFF78CFE2E49087303F022F9012002F02A
:10331000A7FB03F045F988B100BF00220821274828
:10332000FDF772FE00BF00BF002210212348FDF709
:103330006BFE00BF02202249C872B8E74020204936
:103340008872AB2103F0F6F998B90121412003F00E
:10335000F1F970B9AB21422003F0ECF948B9002132
:10336000432003F0E7F920B90E217D2003F0E2F9B4
:1033700098B103F0EDF800BF002208210F48FDF7D7
:1033800043FE00BF00BF002210210C48FDF73CFEA9
:1033900000BF02200A49C87289E7322002F060FBB0
:1033A0000120054908707F20054988720020C872F5
:1033B00003F0CEF800207AE70C010020000C024058
:1033C000580600204F4B00004641494C00000000C9
:1033D000494D5536363052412073656C662D636811
:1033E00065636B3A20307836382069643D30782543
:1033F0003032582025732C20307836392069643DCE
:103400003078253032582025730D0A000B0100203A
:1034100001480078704700000C0100202DE9F047BA
:103420008AB004460D4616461F46DDE9139ADDF8BC
:1034300048805CB155B14EB147B1B8F1000F05D02D
:10344000B9F1000F02D0BAF1000F03D103200AB086
:10345000BDE8F08703A804A905AA06ABCDE90021C1
:10346000029007AA08A909A8FFF7E2FD08B1032006
:10347000EDE7BDF92400FFF797FD84ED000ABDF9E3
:103480002000FFF791FD85ED000ABDF91C00FFF754
:103490008BFD86ED000ABDF91800FFF73DFE87EDB4
:1034A000000ABDF91400FFF737FE88ED000ABDF9E8
:1034B0001000FFF731FE89ED000ABDF90C0000EEA7
:1034C000100AF8EEC00A9FED061A80EE810AF3EEAC
:1034D000070A30EE200A8AED000A0020B7E7000054
:1034E000000000442DE9F04107460C4615461E46F3
:1034F000384603F095FE204603F0CAFE284603F046
:1035000001FF304603F038FFBDE8F08100B52DED36
:10351000068B0246F0EE403AB0EE604AF0EE414AC9
:10352000B0EE615AB0EE426AF0EE625A9FEDB90A0F
:10353000F4EEC03AF1EE10FA03D29FEDB60AF0EEC7
:10354000403A9FEDB50AF4EEC03AF1EE10FA03DD11
:103550009FEDB10AF0EE403AB5EEC06AF1EE10FA16
:1035600009D1F5EEC05AF1EE10FA04D1B5EEC03A29
:10357000F1EE10FA7DD066EE060A45EEA50A43EE9E
:10358000030AB0EE600A03F04BFCF0EE402A26EE90
:10359000220AB0EE406A25EEA20AF0EE405A23EE6F
:1035A000220AB0EE403A92ED010AD2ED030A20EE73
:1035B000200AD2ED000A92ED021AF0EE408A40EEA7
:1035C000C18A92ED000AD2ED010A20EE200AD2ED66
:1035D000020A92ED031AF0EE409A40EE819AD2ED83
:1035E000000A92ED001AB6EE000A10EE810AD2ED42
:1035F000030A92ED031AB0EE40AA00EE81AA25EE6E
:103600008A0AF0EE40AA43EE69AA23EE280AB0EE39
:10361000408A06EE4A8A26EE290AB0EE409A05EE66
:10362000E89A7E4890ED000AB5EEC00AF1EE10FA75
:103630003ADD90ED000A60EE2A0A794890ED000A22
:1036400000EEA30A80ED000A744890ED000A60EED7
:10365000080A744890ED000A00EEA30A80ED000A03
:103660006E4890ED000A60EE090A6F4890ED000A7E
:1036700000E041E000EEA30A80ED000A684890ED0A
:10368000000A34EE000AB0EE404A664890ED000AA7
:1036900034EE800AF0EE404A634890ED000A35EEC1
:1036A000000AB0EE405A0EE09FED600A5C4880EDE3
:1036B000000A9FED5E0A5B4880ED000A9FED5B0A01
:1036C000594880ED000A5A48D0ED000AB0EE440A8D
:1036D00000EEAA0AB0EE404AD0ED000AB0EE640A4D
:1036E00000EE880AF0EE404AD0ED000AB0EE450A3E
:1036F00000EE890AB0EE405AB6EE000A23EE800AC8
:1037000020EE040AB0EE404AB6EE000A23EE800A2C
:1037100020EE240AF0EE404AB6EE000A23EE800ABC
:1037200020EE050AB0EE405AD2ED006A92ED017A21
:10373000D2ED027AB1EE470A20EE040A07EEE40A5F
:10374000D2ED030A00EEC50AD2ED000A30EE200ADF
:1037500082ED000A26EE840A07EE850AD2ED030AFE
:1037600000EEE40AD2ED010A30EE200A82ED010AF1
:1037700026EEA40A07EE450AD2ED030A00EE840AFB
:10378000D2ED020A30EE200A82ED020A26EE850A08
:1037900007EE240A07EEC40AD2ED030A30EE200A2F
:1037A00082ED030AD2ED000A60EEA00A92ED011A42
:1037B000D2ED011A41EE210A92ED021AD2ED021A5F
:1037C00041EE210A92ED031AD2ED031A41EE210ACD
:1037D000B0EE600A03F024FBF0EE402A92ED000AFE
:1037E00020EE220A82ED000A92ED010A20EE220A62
:1037F00082ED010A92ED020A20EE220A82ED020A0F
:1038000092ED030A20EE220A82ED030ABDEC068B3C
:1038100000BD00006F12033A0AD7A33B64000020EA
:10382000680000206C0000207000002000000000F4
:103830006000002000BFFEE77047000010B509E0FF
:1038400000BF04210A48FDF7D5FB00BF4FF47A7092
:1038500002F006F903F02AFE0028F1D1FDF728F95D
:1038600000BF012204210248FDF7CEFB00BF10BDBE
:10387000000C02402DE9F04105460E461446684210
:10388000304400EE100AF8EEC00A00EE104AB8EE1E
:10389000C00A9FED391A40EE410ABDEEE00A3748F2
:1038A00080ED000AA81900EE100AF8EEC00A00EE3A
:1038B000104AB8EEC00A9FED301A40EE410ABDEE44
:1038C000E00A2E4880ED010AA81B00EE100AF8EE6F
:1038D000C00A00EE104AB8EEC00A9FED271A40EE6B
:1038E000410ABDEEE00A254880ED020A6842801BCD
:1038F00000EE100AF8EEC00A00EE104AB8EEC00A58
:103900009FED1D1A40EE410ABDEEE00A1B4880ED16
:10391000030A002015E0194951F82010642904DD3C
:103920006421164A42F820100AE0144951F8201088
:1039300011F1640F04DA6FF06301104A42F82010AD
:10394000401C0428E7DB0D4FFF68C7EB0717FB009F
:103950000A4FBF68C7EB0717FA00084F7F68C7EB2D
:103960000717F900054F3F68C7EB0717F800FFF787
:10397000B9FDBDE8F08100009A99993E84040020C9
:10398000B0EE401A10B99FED790A704790ED100A19
:1039900080ED110A90ED0F0A80ED100AC0ED060AC5
:1039A00080ED071A30EEC10A80ED0F0A0178002978
:1039B00075D190ED010AD0ED0F1A20EE210A80EDAD
:1039C000090A90ED0A0AD0ED021A90ED0F2A01EED5
:1039D000820A80ED0A0A90ED0D0A80ED0E0A90ED44
:1039E0000C0A80ED0D0A90ED0F0AD0ED101A30EEA2
:1039F000610A80ED0C0A90ED030AD0ED0C1A20EE5E
:103A0000210A80ED0B0A90ED0A0AD0ED051AB4EEFA
:103A1000E10AF1EE10FA04DD90ED050A80ED0A0AE4
:103A200010E090ED0A0AD0ED051AF1EE611AB4EE3D
:103A3000E10AF1EE10FA05D290ED050AB1EE400A66
:103A400080ED0A0A90ED090AD0ED0A1A30EE210A3B
:103A5000D0ED0B1A30EE210A80ED080A90ED080A2D
:103A6000D0ED041AB4EEE10AF1EE10FA04DD90EDA7
:103A7000040A80ED080A76E090ED080AD0ED041AF9
:103A8000F1EE611AB4EEE10AF1EE10FA6BD290EDAC
:103A9000040AB1EE400A80ED080A64E0FFE701780D
:103AA000012960D190ED0F0AD0ED101A30EE610AB5
:103AB000D0ED011A20EE210A80ED090A90ED020AEC
:103AC000D0ED0F1A20EE210A80ED0A0A90ED0D0AC2
:103AD00080ED0E0A90ED0C0A80ED0D0A90ED0F0AB4
:103AE000D0ED101AB0EE002A02EE610AD0ED111AE4
:103AF00030EE210A80ED0C0A90ED030AD0ED0C1A8D
:103B000020EE210A80ED0B0A90ED090AD0ED0A1A89
:103B100030EE210AD0ED0B1A30EE210AD0ED081A52
:103B200030EE210A80ED080A90ED080AD0ED041A63
:103B3000B4EEE10AF1EE10FA04DD90ED040A80ED36
:103B4000080A10E090ED080AD0ED041AF1EE611AAF
:103B5000B4EEE10AF1EE10FA05D290ED040AB1EEEE
:103B6000400A80ED080A90ED080A0EE70000000008
:103B700000B970479FED100A80ED110A80ED100A20
:103B800080ED0F0A9FED0C0A80ED0E0A80ED0D0A04
:103B900080ED0C0A9FED080A80ED0B0A80ED0A0A01
:103BA00080ED090A80ED080A9FED030A80ED060A00
:103BB00080ED070A00BFDCE70000000000B102B999
:103BC0007047017092ED001A80ED011A92ED011A12
:103BD00080ED021A92ED021A80ED031A80ED040ABC
:103BE000C0ED050A9FED0C1A80ED0E1A80ED0D1A3E
:103BF00080ED0C1A9FED081A80ED081A80ED0B1A63
:103C000080ED0A1A80ED091A80ED111A80ED101A64
:103C100080ED0F1A00BFD3E7000000007CB504461A
:103C20000D461646164800681821B0FBF1F01549FC
:103C3000B0FBF1F04FF47A71484301906068B0F541
:103C4000827F0DD12B46002280212046009600F075
:103C50001BF898B1606D40F02000606503207CBDCA
:103C600000BF019800B908E00198401E019020684B
:103C70008068C0F3C0100028F3D100BF0020EEE739
:103C80000000002040420F002DE9F84F04460D4689
:103C900090461E46DDF82890FDF7C2F9A0EB09001A
:103CA000371AFDF7BDF982462C480068C0F3CB30C7
:103CB0007843009045E0701C002842D0FDF7B0F931
:103CC000A0EB0A00B84200D2A7BB2068406820F0F1
:103CD000E000216848606068B0F5827F0DD1A0687F
:103CE000B0F5004F03D0A068B0F5806F05D1206813
:103CF000006820F0400021680860A06AB0F5005F0D
:103D00000DD100BF2068006820F4005021680860D1
:103D10002068006840F400502168086000BF01205E
:103D200084F8510000BF002084F8500000BF032039
:103D3000BDE8F88FFFE7009800B900270098401E03
:103D40000090206880682840A84201D1012000E04E
:103D500000204045AFD10020EAE70000000000202D
:103D600010B5FDF773FD05F019FE012801D005F02F
:103D700069FB10BD0348006840F470000149086009
:103D80007047000088ED00E010B50268294B9842AA
:103D90000ED0B0F1804F0BD0274B984208D0274B64
:103DA000984205D0264B984202D0264B984203D128
:103DB00022F070024B681A431E4B984220D0B0F19B
:103DC000804F1DD01C4B98421AD01C4B984217D0E4
:103DD0001B4B984214D01B4B984211D01A4B98425F
:103DE0000ED01A4B98420BD0194B984208D0194B61
:103DF000984205D0184B984202D0184B984203D1F4
:103E000022F44072CB681A4322F080034C6943EAE3
:103E1000040202608B68C3620B688362054B9842A0
:103E200002D0084B984201D10B690363012343611F
:103E300010BD0000000001400004004000080040E8
:103E4000000C0040000401400040014000440140DB
:103E50000048014000180040001C004000200040C5
:103E600030B501F01F05012404FA05F3046A9C43F0
:103E70000462046A01F01F0502FA05F52C4304628E
:103E800030BD000030B5056A25F001050562026A03
:103E90004368846924F0700424F003040D682C4303
:103EA00022F002028D682A43104DA84200D103E09F
:103EB0000F4DA84206D100BF22F00802CD682A4368
:103EC00022F00402094DA84202D0094DA84207D1B0
:103ED00023F4807323F400734D692B438D692B43C6
:103EE000436084614D684563026230BD000001405B
:103EF0000004014030B5056A25F010050562026A2C
:103F00004368846924F4E04424F440740D6844EA6E
:103F1000052422F020028D6842EA0512124DA842C3
:103F200000D103E0114DA84207D100BF22F080026A
:103F3000CD6842EA051222F040020B4DA84202D0A1
:103F40000A4DA84209D123F4806323F400634D692C
:103F500043EA85038D6943EA8503436084614D68C4
:103F60008563026230BD0000000001400004014092
:103F700030B5056A25F480750562026A4368C46934
:103F800024F0700424F003040D682C4322F4007222
:103F90008D6842EA0522124DA84200D103E0114D7E
:103FA000A84207D100BF22F40062CD6842EA052290
:103FB00022F480620A4DA84202D00A4DA84209D1DB
:103FC00023F4805323F400534D6943EA05138D69AC
:103FD00043EA05134360C4614D68C563026230BDA6
:103FE000000001400004014030B5056A25F4805509
:103FF0000562036A4468C26922F4E04222F4407216
:104000000D6842EA052223F400538D6843EA053324
:10401000084DA84202D0084DA84204D124F480449F
:104020004D6944EA85144460C2614D6805640362C9
:1040300030BD0000000001400004014070B506469C
:104040000025B46B20684069C0F3C01594F83D00AA
:10405000212805D125B10020E084204600F075F824
:1040600020684069C0F3801594F83E00222805D1ED
:1040700025B10020E085204600F04CF8206C40F08F
:10408000100020642046FEF7EEFB70BD70B50546BB
:10409000AC6B2868006800F48070F8B90020E085F7
:1040A0002068C06820F480702168C860206840697A
:1040B00020F00100216848612068406920F040003C
:1040C00021684861202084F83E00206B012805D13A
:1040D0002068C06820F010002168C860206B0128AB
:1040E00004D1A18D2046FEF7BDFB02E02046FEF77D
:1040F00072FC70BD70B50546AC6B206B012805D114
:10410000A08D41082046FEF7ADFB02E02046FEF7F9
:1041100063FC70BD0168C96821F490710268D160C8
:104120000168496921F0010102685161016B0129AF
:1041300005D10168C96821F010010268D160202111
:1041400080F83E100021016370470168C96821F0C2
:10415000C0010268D160202180F83D107047000046
:104160002DE9F84F04462068006920F44050E168CA
:104170000843216808612169A06808436169084310
:10418000E169084300902068C06849F20C618843E7
:10419000009908432168C8602068406920F4407095
:1041A000A16908432168486176492068884203D0A4
:1041B00075492068884203D1FDF7BEFC814602E0C4
:1041C000FDF7AAFC8146E069B0F5004F6CD10220F2
:1041D0006168A0FB015003461920A9FB007001464D
:1041E0002A463846FCF756F86421B0FBF1F04FEA56
:1041F000001A02206168A0FB01510B461920A9FB9F
:1042000000712A463846FCF745F88346022061686B
:10421000A0FB015003461920A9FB00712A4638462D
:10422000FCF738F86421B0FBF1F000EBC00101EBC2
:104230000010ABEB8000322101EBC0006421B0FB29
:10424000F1F000F0F8000AEB400A02206168A0FBE0
:10425000015003461920A9FB007001462A46384642
:10426000FCF718F8834602206168A0FB0150034662
:104270001920A9FB00712A463846FCF70BF8642187
:10428000B0FBF1F000EBC00101EB0010ABEB8000E4
:10429000322101EBC0006421B0FBF1F000F0070017
:1042A0005044216888606AE004206168A0FB0150E6
:1042B00003461920A9FB007001462A463846FBF741
:1042C000E9FF824604206168A0FB015003461920E3
:1042D000A9FB007001462A463846FBF7DBFF642144
:1042E000B0FBF1F000EBC00101EB0010AAEB800085
:1042F000322101EB00106421B0FBF1F000F0F00A74
:1043000004206168A0FB017003461920A9FB00513D
:104310003A462846FBF7BEFF6421B0FBF1F00AEBFA
:10432000001A04206168A0FB01510B461920A9FB6B
:1043300000712A463846FBF7ADFF834604206168CA
:10434000A0FB015003461920A9FB007001462A4634
:104350003846FBF79FFF6421B0FBF1F000EBC00192
:1043600001EB0010ABEB8000322101EB0010642167
:10437000B0FBF1F000F00F00504421688860BDE808
:10438000F88F0000001001400014014077B581B0A3
:10439000044615460298A062A585002020642220CC
:1043A00084F83E001C48A16BC8631C48A16B0864DC
:1043B0001B48A16BC8640020A16B086502AE32687F
:1043C0002368191D2B46A06BFCF7C0FC00BF002022
:1043D000009020680068009020684068009000BF4E
:1043E00000BF00BF002084F83C0000BF2068C06808
:1043F00040F480702168C8602068406940F0010086
:10440000216848612068406940F0400021684861A7
:10441000002004B070BD00008D400008F540000889
:104420003D40000808B505F0C9FA00900AE004F024
:1044300047FA082002F084FD02F04AFD0121684697
:1044400005F036FAF3E700BFFEE700000FB4054BB6
:1044500010B503A9044A029800F014FE10BC5DF8E0
:1044600014FB0000495B000808000020410008021E
:1044700018BF04200A0E18BF40F001004FF07F4221
:1044800032EA010108BF40F00200012808BF052000
:104490007047000002480068C0F302207047000027
:1044A0000CED00E010B5002804DB0A07130E054AE6
:1044B000135406E00A07140E034A00F00F031B1FF3
:1044C000D45410BD00E400E018ED00E010B54FF04A
:1044D0000E402DED028BB0EE408A18EE104A00EB34
:1044E0004400B0F1506F4AD84FF0FC40B0EB440F9D
:1044F00022D2B0EEC80AF7EE000A30EEC00AF6EE9D
:10450000000A60EE208A18EE900A04F0E9F801EE45
:10451000100A14F0004F1DBFDFED2D0A9FED2D0A8C
:10452000B1EE411ADFED2C0A08BF9FED2C0AF8EE20
:10453000001A21EE218A05E0DFED290A68EE088ADB
:10454000B0EE600A9FED271ADFED271A30EE080A59
:1045500048EE811A9FED251A08EEA11ADFED241A04
:1045600048EE811A9FED231A08EEA11A68EE281A68
:10457000BDEC028B01EE810A30EE200A10BD4FF037
:10458000E440B0EB440F0CD918EE100AFFF76EFFB1
:10459000042808BF00F0ECFBB0EE480ABDEC028B2B
:1045A00010BD4FF07F40B0EB440F07D2B0EE480A89
:1045B000BDEC028BBDE8104000F0CBBB012000F049
:1045C00099FCBDEC028BBDE8104000F0C9BB0000B7
:1045D0000000C9BF22AAFDB90000C93F22AAFD39C7
:1045E0000000000024FE1C3DC78AD83C1E67383DF1
:1045F0001B93993DAFAA2A3E70B54FF068422DED4E
:10460000048BF0EE408A18EE900AB0EE608A18EE45
:10461000101A02EB4003B3F1654F3CBF02EB4102BD
:10462000B2F1654F7DD200BFC0F3C753C1F3C7528B
:104630009A1A1B2A09DD10F0004F14BF9FED830A60
:104640009FED830ABDEC048B70BD12F11A0F36DAB0
:1046500011F0004F09D010F0004F0CBF9FED7D0A04
:104660009FED7D0ABDEC048B70BD88EE889A19EE33
:10467000100AFFF7FBFE042808BF00F079FB18EED4
:10468000900AFFF7F3FE054618EE100AFFF7EEFE5C
:10469000044619EE100AFFF7E9FE042D18BF052D98
:1046A00008D1042C18BF052C04D1002804BF022017
:1046B00000F020FCB0EE490ABDEC048B70BD420056
:1046C000B2EB410F3AD910F0004F19BFDFED630A8A
:1046D0009FED630ADFED630A9FED630AB0EE481AAF
:1046E0000A46B1EE688A80F00041F0EE418A104639
:1046F0000A1A5200B2F1807F34D2484010F0004FC5
:10470000DFED5A1A9FED5A2A1DBFBEEE001A70EE59
:10471000E10A30EE420AB6EE001A08BF70EEA10AB6
:1047200000E040E008BF30EE020AB0EE682A01EE79
:10473000482A08EE818AC2EE081A15E011F0004FEF
:1047400004BF9FED4C0AF0EE400AD1D010F0004FAC
:1047500019BFDFED490A9FED490ADFED490A9FEDD8
:10476000490AC5E7C8EE881A21EEA11A9FED462A2C
:10477000DFED462A41EE022A9FED452A01EE222A6C
:10478000DFED442A41EE022A9FED432ABDEC048B63
:1047900001EE222A21EE811A01EE020A30EE210AF0
:1047A00030EE200A70BD4FF07F42B2EB400F28BFC1
:1047B000B2EB410F09D2F0EE480AB0EE680ABDEC48
:1047C000048BBDE8704000F0C7BA40EA01035B000B
:1047D00008BF41F0FF410BD0B2EB400F08BFB2EB76
:1047E000410F08D120F0804008EE900A21F080416E
:1047F00008EE101A18E7B2EB400F12BF5FEA410350
:1048000040F0FF4001F000413FF40EAFB2EB410F2A
:1048100012BF5FEA400200F0004041F0FF413FF468
:1048200003AF4A0092EA40033FF5FEAE002AACBF58
:104830009FED1A0A9FED1A0A68EE808A28EE008A18
:1048400018EE900A18EE101AEEE60000DB0FC9BF52
:10485000DB0FC93FDB0F4940DB0F49C00000C9BF78
:1048600022AAFDB90000C93F22AAFD390060ED3E31
:10487000C30ACE3700000000000049C022AA7DBA5A
:104880000000494022AA7D3A2DAD65BD8FB8D53DC7
:104890000FB511BE61C84C3EA8AAAABE0000804F49
:1048A0000000802F10EE101A08B5444A6846B2EB9B
:1048B000410F28D94FF0E640B0EB410F94BF0020E4
:1048C0004FF0FF3000900098002861DB60EE000A96
:1048D00010F0010F45D010F0020FDFED391A9FEDF7
:1048E000391A00EEE11ADFED381A40EE811A21EE96
:1048F000A01AF0EE400A40EE010A08BFF1EE600A8D
:10490000B0EE600A08BD314B21F0004293423CD921
:1049100011F0004FDFED2E0A20EE201ADFED2D0AF8
:1049200019BF31EE601A71EE200A31EE201A71EED5
:10493000600ABDEEE01A11EE100A9FED271A00F092
:10494000030000EEC10A9FED251A009000EEC10A97
:104950009FED231A00EEC10A9FED221A00EEC10A54
:10496000B1E79FED211A9FED210A10F0020F00EE32
:10497000810A9FED1F1A00EE801AB7EE000A00EEC2
:10498000810A18BFB1EE400A08BD00F0F9F99AE7B4
:1049900010EE100A4000B0F17F4F3CBFB7EE000AA6
:1049A00008BD07D14FF0010000F0A4FABDE80840AF
:1049B00000F0D6B9BDE8084000F0CBB9B61F927E32
:1049C000336D4C39DA82083CA0AA2ABE490E49460A
:1049D00083F9223F0000004B0000C93F00A0FD39D1
:1049E0000020A2331A61342CB93AB2BACA9F2A3DC8
:1049F000DDFFFFBE10B52DED028BF0EE408A18EE04
:104A0000900AB0EE608A20F00040C0F1FF40C00F75
:104A100007D118EE100A20F00040C0F1FF40C00F8F
:104A20002BD018EE101A18EE900AFBF726FD00EEB8
:104A3000100A10EE100A6FEAD05010F0FF0F04BFFA
:104A4000BDEC028B10BD18EE900A00F0004110EE94
:104A5000100A00F00040814204BFBDEC028B10BD83
:104A600018EE101A10EE100ABDEC028B61F31E0056
:104A700000EE900A30EE600A10BD18EE900A4FF07A
:104A80007F41B1EB400F1CBF18EE100A5FEA4000F7
:104A9000C7D1012000F02EFABDEC028BBDE810401A
:104AA00000F05EB90000000010B52DED020B2DEDF9
:104AB000088B84B09DED0C0B51EC100BFBF78EFEB8
:104AC00041EC180B9DED0C0B53EC182B51EC100B1B
:104AD000FBF79DFD41EC190B0D989FED290B10F094
:104AE000004F53EC102B51EC190B9FED21AB9FEDB8
:104AF00022BB0ED0FBF7CEFE0ED953EC1B2B51EC94
:104B0000190BFBF7DFFE1CD214E000BF41EC180BC1
:104B100017E0FBF7BFFE06D253EC1A2B51EC180B33
:104B2000FBF775FDF2E753EC1B2B51EC190BFBF770
:104B3000C9FE06D853EC1A2B51EC180BFBF7C6FC38
:104B4000E4E78DED028B9DED0C0B18EE901A10EE44
:104B5000900A8DED000B61F31E0003909DED020B9A
:104B600004B0BDEC088B02B010BD000000000000D6
:104B7000000000000000F03F000000000000E03FE7
:104B8000000000000000E0BF00B510EE101A2DED8F
:104B9000028B81B0524A6846B2EB410F2ED94FF0DA
:104BA000E640B0EB410F94BF00204FF0FF30009083
:104BB0000098B0EE408A00286ADB10F0010F4BD05D
:104BC00068EE080A9FED471A9FED470A00EE810A3A
:104BD0009FED461A10F0020F00EE801AB7EE000AA1
:104BE00000EE810A02BF01B0BDEC028B00BD00BF28
:104BF00001B0B1EE400ABDEC028B00BD3C4B21F090
:104C00000042934241D911F0004FDFED3A0A20EE05
:104C1000201ADFED390A19BF31EE601A71EE200A51
:104C200031EE201A71EE600ABDEEE01A11EE100AA4
:104C30009FED321A00F0030000EEC10A9FED301A1A
:104C4000009000EEC10A9FED2F1A00EEC10A9FED01
:104C50002E1A00EEC10AABE728EE080A9FED2B1AC8
:104C6000DFED2B0A10F0020F40EE410A9FED291AEA
:104C700000EE201A61EE000AB0EE480A08EE200AA3
:104C8000B6D101B0BDEC028B00BD00F079F88FE722
:104C900018EE100A4000B0F17F4F0DD218EE100A46
:104CA000FFF7E4FB042808BF00F062F8B0EE480A02
:104CB00001B0BDEC028B00BD09D1012000F01AF952
:104CC00001B0BDEC028B5DF804EB00F049B801B017
:104CD000B0EE480ABDEC028B5DF804EB00F039B889
:104CE000B61F927EB93AB2BACA9F2A3DDDFFFFBE17
:104CF000490E494683F9223F0000004B0000C93F9E
:104D000000A0FD390020A2331A61342C336D4C39D8
:104D1000DA82083CA0AA2ABE10B52DED028BB1EEB6
:104D2000C08A18EE100A20F00040C0F1FF40C00F0A
:104D30000AD010EE100A20F00040C0F1FF40C00F72
:104D400004BF012000F0D6F8B0EE480ABDEC028B9B
:104D500010BD30EE000A704730EE200A70470000A8
:104D6000DFED020A80EEA00A70470000000000009C
:104D70009FED020A20EE000A7047000000000010BC
:104D80002DE9F0014FF07F42B2EB410F9FBF4FF092
:104D9000FF310160BDE8F00170474FF0004242EA88
:104DA0000123C1F3C752783A551112F01F0C434C3E
:104DB000CCF120067C44C1F3C752A2F178024FEA3D
:104DC000621204EB820254F8254008BFD2E9015672
:104DD00012D0556804FA0CF425FA06F73C4397689C
:104DE00005FA0CF527FA06F8D26807FA0CFCF2402F
:104DF00045EA08054CEA0206A4FB034CA5FB035256
:104E0000A6FB03631D449D4234BF012600261319EF
:104E1000334416B1934202D903E0934201D20122F6
:104E200000E00022624402F1200C9206DC0C42EA0F
:104E3000443200EE102A5B03DFED210AF8EEC01ABF
:104E400000EE103A4FEA9C1C11F0004FB8EE400AF9
:104E5000C0F800C020EE201A00EE105ADFED190A4B
:104E6000B8EE400A20EE200A71EE810A70EE800A48
:104E700010EE902A02F500626FF30B0200EE902A0A
:104E800070EEE11A31EEC11ADFED101A30EE411A60
:104E90009FED0D0A20EE800A01EE210A9FED0C1A0B
:104EA00000EE810A04BFBDE8F0017047CCF18051EB
:104EB0000160BDE8F001B1EE400A70479472000055
:104EC000000000360000802C22AAFD29DB0FC92F2C
:104ED0000000C92F02E008C8121F08C1002AFAD139
:104EE00070477047002001E001C1121F002AFBD16A
:104EF00070470000014908607047000090010020E1
:104F00002DE9FF5F82B00021DDE90430020DDDF8FC
:104F100040B0034318D044F61050A2F2FF3242438F
:104F20001514119801281FD0A5EB0B00401C5FEA57
:104F3000000A4FF000064E4FDFF83891B046504659
:104F400015D5CAF1000413E0119801244AA30128E1
:104F500001D16FEA0B010298119AC0E90031C0E952
:104F6000024206B0BDE8F09FCBF10000DFE7044647
:104F70000021404A491842EB0450CDE9001012E0EC
:104F8000E00707D032463B4640464946FBF745FB23
:104F90008046894632463B4610461946FBF73DFBA4
:104FA00006460F466410002CEAD1DDE90401DDE974
:104FB0000023BAF1000F06DAFBF72FFB42464B46FF
:104FC000FBF72BFB05E0FBF79AFB42464B46FBF752
:104FD00096FB04460E460022284BFBF773FC03D8D1
:104FE0004FF0FF30014607E00022254B20463146B6
:104FF000FBF76CFAFBF736FC102409E0002C0ADB07
:105000000A220023FBF746F9039B30321A55641E2F
:1050100050EA0102F2D1641C039AC4F11103144452
:10502000119A012A03D0012208430DD10AE0084356
:1050300004D000204FF0110B119072E7A3EB0B0589
:105040006D1E0DE05B4504DD4FF0000205F101052A
:1050500004E003DA4FF00002A5F10105002AECD0CC
:1050600002981199C0E90231C0E9004579E70000D2
:10507000000014400000F03F300000000000F0434A
:105080000000E03F2DE9FF4F95B09A46884606465E
:105090000025EEE1252877D100242746F94A012191
:1050A000039400E0044316F8013F203B01FA03F0AB
:1050B0001042F7D130782A2811D06FF02F033078C2
:1050C000A0F13002092A16D8039A44F0020402EB38
:1050D000820203EB42021044761C0390EFE758F87B
:1050E000042B0392002A03DA504244F40054039044
:1050F00044F00204761C30782E2816D116F8010FE1
:1051000044F004042A280DD06FF02F023078A0F16B
:105110003003092B09D807EB870302EB4303C718B9
:10512000761CF3E758F8047B761C30786C280FD097
:1051300006DC4C2817D068280DD06A2814D104E06A
:10514000742810D07A280FD10DE044F400140AE03E
:1051500044F4801401E044F440147278824202D195
:1051600004F58014761C761C307866280BD013DC8E
:10517000582877D009DC002875D04528F6D0462875
:10518000F4D047281AD193E118E0632835D0642879
:1051900079D0652812D18BE1702873D008DC67289C
:1051A000F1D069286FD06E280DD06F2806D1ACE001
:1051B00073282CD0752874D0782853D0524617996C
:1051C00090476D1C54E1C4F30250022809D0032813
:1051D0000DD0D8F8001004280DD00D6008F1040897
:1051E00046E1D8F80010EA17C1E90052F6E7D8F80E
:1051F00000100D80F2E70D70F0E718F8041B8DF831
:10520000001000208DF80100EB46012003E058F863
:1052100004BB4FF0FF3061074FF0000102D40DE0F6
:1052200009F101018946B9420FDA8145F8DB1BF823
:1052300009100029F4D108E009F1010189468142F1
:10524000FADB1BF809100029F6D103985346A0EBAE
:10525000090721463846179A00F080FA284400EBE7
:10526000090507E044E008E10DE01BF8010B524698
:1052700017999047B9F10109F7D2534621463846AC
:10528000179AF2E039E00A21C4F302524FF0000B02
:105290000091022A06D058F8040BC117032A09D03E
:1052A0000AE023E008F1070020F00702F2E802011B
:1052B000904605E000B2C117042A01D140B2C117DF
:1052C000002906DA0A460021404261EB02012D2244
:1052D00002E0220504D52B228DF80420012203E0F0
:1052E000E20701D02022F7E7914657E00A2100E0CB
:1052F00010214FF0000B00910BE010214FF0000B3C
:1053000044F004040827009103E008204FF0000B4C
:105310000090C4F30252022A05D058F8040B002171
:10532000032A08D008E008F1070020F00702F2E89D
:105330000201904603E080B2042A00D1C0B24FF0CF
:10534000000922072AD53278702A07D0DDF800C07C
:105350008CF0100C5CEA0B0C05D00EE040228DF8AE
:105360000420012208E050EA010306D030238DF822
:1053700004308DF8052002229146009B83F008033B
:1053800053EA0B030AD150EA010201D1620705D5A5
:1053900030228DF804204FF001097F1E3278582A00
:1053A00004D039A20C920CAA02920BE03BA2F9E7BE
:1053B0005B46009AFAF76EFF0C9B9B5C029A521EAA
:1053C0000292137050EA0102F2D1029804A9081A5D
:1053D00000F1200B600702D524F4803400E001279F
:1053E0005F4502DDA7EB0B0000E0002000EB0B01A6
:1053F000009003984944401A0390E00306D45346B2
:105400002146179A039800F0A9F90544002706E001
:1054100001A85246C05D179990476D1C7F1C4F45EF
:10542000F6DBE0030CD553462146179A039800F0AB
:1054300095F9054404E030205246179990476D1CB9
:105440000099481E00900029F5DC08E002980299B6
:1054500052460078491C0291179990476D1CBBF188
:105460000001ABF1010BF1DC5BE100F065F90544F3
:10547000761C307800287FF40DAE19B02846BDE8C0
:10548000F08F0000092801003031323334353637CF
:105490003839616263646566000000003031323380
:1054A0003435363738394142434445460000000020
:1054B000600700D4062708F1070020F00700F0E895
:1054C0000223804603F0004C5FEA0C0001D097A055
:1054D00009E0200501D596A005E0E00701D095A0E0
:1054E00001E0AFF24C001390307823F000436528C0
:1054F0000CD006DC452809D046281DD047287FD18E
:105500003BE0662818D067287AD136E00021112FB9
:1055100001DB112000E0781CCDE9000104A90CA8F2
:10552000FFF7EEFCDDE90D010C9A4FF0000B07F1DF
:105530000109109200914EE04FF000400097CDE934
:10554000011004A90CA8FFF7DBFCDDE90D020C9BA0
:105550000F994FF0000B91461093009211B9791CEE
:1055600000EB0109B7EB090003D4C0F1FF3B07F1E1
:105570000109A9EB0700019042E0012F00DA0127A1
:105580000021112F01DD112000E03846CDE9000196
:1055900004A90CA8FFF7B4FCDDE90D010C9A0091F9
:1055A0004FF0000BB946109221070FD4009A4A45DC
:1055B00003DA914601E0A9F10109B9F1010F05DD16
:1055C000109AA9F10101515C3029F4D0B84202DAF5
:1055D00010F1040F03DA0121CDE9011010E00028D9
:1055E00003DC8344A9EB000102E0411C494500DDD6
:1055F0008946A0EB0B00401C01904FF00040029048
:10560000200705D40198484502DB4FF0FF30019098
:1056100000208DF84B0002980DF14B07B0F1004FC0
:1056200025D002200C902B200D90029800280CDA37
:10563000404202902D200D9007E00A210298FAF7CF
:10564000B0FE3031029007F8011D0C99481E0C90F5
:105650000029F2DC02980028EFD1791E0D9808701D
:10566000307800F0200040F0450007F8020D11A846
:10567000C01BC01D02901398007800B1012000EB00
:105680000901019801EBE071029801440398401A66
:10569000401E0390E00306D453462146179A039810
:1056A00000F05CF805441398007818B15246179939
:1056B00090476D1CE00323D553462146179A039863
:1056C00000F04CF805441BE0BBF1000F07DB00982D
:1056D000584504DD1098179910F80B0001E0179950
:1056E00030205246904701980BF1010B401E05F106
:1056F0000105019004D12E205246179990476D1C48
:10570000B9F10001A9F10109DEDC05E017F8010B90
:105710005246179990476D1C0299481E0290002925
:10572000F4DC53462146179A03989EE62D000000AC
:105730002B000000200000002DE9F0410446002568
:105740001E461746880404D405E039462020B04799
:105750006D1C641EF9D52846BDE8F0812DE9F041A5
:10576000044600251E469046C80301D5302700E0B8
:105770002027880404D505E041463846B0476D1C13
:10578000641EF9D52846BDE8F08100001CB5054827
:105790000A2100238022CDE9001003A1054804F06E
:1057A00057F81CBD8000002073746172745F7461CF
:1057B000736B00002187000810B503F03FF96348C0
:1057C000006801F047FCC82805D9002211461046A0
:1057D000FEF750F810BD002004E05D49095C5D4A09
:1057E0001154401C1428F8DB5948407840B25A49FB
:1057F00008705748807840B248705548C07840B229
:105800008870534A517A107A03F04CF8BDEEC00A02
:1058100010EE100A40B25049C8704D4AD17A907AC1
:1058200003F040F8BDEEC00A10EE100A40B24A493B
:105830000871474A5179107903F034F8B1EE400A03
:10584000464880ED000A4648D0ED000AB0EE600AF6
:1058500040490D31481E00F033F94248D0ED000AAE
:10586000B0EE600A3B490F31481E00F029F93E486E
:10587000006801F0EFFB642812D83C4A9178507818
:1058800003F010F83A4880ED000A90ED000A01F0AC
:10589000D1FD384880ED000A01203749087002E048
:1058A0000020354908703448007840B13148D0EDC7
:1058B000001A324890ED002A71EEC21A01E0DFEDC5
:1058C000301AB0EE611A244890F9040001EE900AF3
:1058D000F8EEE10A204890F9030001EE900AB8EED4
:1058E000E10A2849081F00F022FA1B48007800F05E
:1058F0000100A8B9184B93F9013003EB4302214B87
:105900001B1F93ED010ABDEEC00A10EE101A93EDB5
:10591000000ABDEEC00A10EE100AFDF7ABFF13E05F
:10592000154B1B783BB10F4B93ED010ABDEEC00A3E
:1059300010EE103A00E000231A46074B93F90410CA
:1059400093F90300FDF796FF00BF43E70001002035
:1059500094040020B4040020B0000020B80000200F
:1059600078050020D400002004010020C804002095
:10597000E4000020EC00002008010020E8000020E6
:1059800000000000E000002008B504F017F80090C7
:1059900008E0FFF711FF042001F0D2FA0121684668
:1059A00003F086FFF5E7000008B504F007F8009063
:1059B000002417E00C48007820B9601C80B204462F
:1059C000642808D3002401F0F7F810B101F0D6FEE6
:1059D00001E000F0DFFE012001F0B2FA012168468B
:1059E00003F066FFE6E700005400002010B5DFED8D
:1059F000090A9FED080A084A00210848FEF7DEF868
:105A0000DFED040A9FED030A054A00210548FEF771
:105A1000D5F810BD00009643BC000020DC04002037
:105A2000C80000202405002070B504460420FCF7BF
:105A300072FD0A48046025464FF47A7045434FF0E2
:105A4000E020006940F002004FF0E02108610846C4
:105A50004561006940F00100086170BD040000204C
:105A600030B50446002504E04FF47A7000F004F8E5
:105A70006D1CA542F8D330BD70B5034600224FF02F
:105A8000E02675690D4E366803FB06F44FF0E026FC
:105A9000B16910E04FF0E026B06988420BD088422F
:105AA00002D20E1A324402E02E1A0E44324401464B
:105AB000A24200D300E0EDE700BF70BD040000206B
:105AC00070B52DED068BB0EE408A05460E469FED73
:105AD0001B0AB4EEC08AF1EE10FA03DD9FED170A3F
:105AE000B0EE408A9FED160AB4EEC08AF1EE10FACD
:105AF00003D29FED130AB0EE408A9FED120A28EE02
:105B0000000A10EE101A0846FAF738FC41EC1A0B9E
:105B1000B0EE4A0AF0EE6A0AFEF7C6FFB0EE409A0F
:105B2000F0EE609A51EC190BFAF709FC04B2200A66
:105B300028703470BDEC068B70BD0000C3D5A34344
:105B40000AD7A3C30000C84200BF054A126802F08A
:105B50004002002AF9D0C2B2014B1B1D1A607047E7
:105B60000048004070B505460E462648264909788B
:105B7000455425480078401C142190FBF1F201FBAC
:105B800012002149087021480078142804DA1F48BF
:105B90000078401C1D4908701C48007814282EDB32
:105BA000194804781748005D552827D104F11300DF
:105BB000142190FBF1F201FB12001249085CFF284E
:105BC0001CD100200AE02118142291FBF2F302FB01
:105BD00013110C4A515C3154411CC8B21428F2DB39
:105BE00000200A490870FBF71BFA094908600948B8
:105BF0000068401C07490860012070BD00BF0020FC
:105C0000FBE70000FC050020090100200A0100203C
:105C100004010020FC0000202DE9F0412DED028B55
:105C200004460D4616461F4694ED001A21EE011A51
:105C3000D4ED011A94ED012A01EE821AF7EE001A52
:105C4000B0EE002A52EE011AF0EE610A94ED001A4D
:105C5000D4ED031A21EE211AD4ED011A94ED022A93
:105C600001EE821AF0EE001A21EE211AB0EE410A7E
:105C7000FEF7C2FC85ED000A94ED010AD4ED030A9B
:105C800020EE200AD4ED000A94ED021A00EEC10ABB
:105C9000F8EE000A20EE200AB0EE408AB7EE000AC5
:105CA000B4EEC08AF1EE10FA04DDB7EE000AB0EEF1
:105CB000408A0AE0BFEE000AB4EEC08AF1EE10FAA4
:105CC00003D2BFEE000AB0EE408AB0EE480AFEF7FB
:105CD000FDFB86ED000A94ED001A21EE011AD4EDC9
:105CE000031A94ED032A01EE821AF7EE001AB0EEC1
:105CF000002A52EE011AF0EE610A94ED001AD4ED7A
:105D0000011A21EE211AD4ED021A94ED032A01EEB4
:105D1000821AF0EE001A21EE211AB0EE410AFEF7C7
:105D20006BFC87ED000ABDEC028BBDE8F08170B51D
:105D30002DED068BB0EE408AF0EE608AB0EE419A0F
:105D400004460D46B0EE490AFEF7ACFDF0EE409A6F
:105D5000B0EE490AFEF718FFB0EE40AA28EE290A75
:105D600008EECA0A84ED000A28EE0A0A08EEA90A1B
:105D700085ED000ABDEC068B70BD000008B511482A
:105D8000FBF754F900BF002000900F48006840F472
:105D900080000D4908600846006800F4800000900B
:105DA00000BF00BF08482038006840F48000064962
:105DB000203908600846006820F480000860FDF77C
:105DC000C3F808BDCC0300204038024070B504463B
:105DD000610042F2107302220848FBF72DFA0546D3
:105DE000074805700548006C064908600DB9012098
:105DF00070BDFFF7C3FF0020FAE70000CC030020CE
:105E00003E0000204000002008B500BF00200090A8
:105E10001848006840F0020016490860084600680B
:105E200000F00200009000BF00BF00BF0020009003
:105E300010481030006840F480000E4910310860AE
:105E40000846006800F48000009000BF00BF0948C9
:105E50001038006840F48000064910390860084690
:105E6000006820F480000860FDF73AF8FDF76CF850
:105E700008BD0000303802402DE9FE4304460D46BF
:105E8000164698464FF001090520610001232A4675
:105E9000CDE9006802900948FBF7AAFA07460848CE
:105EA00007700648006C0749086017B94FF00009F1
:105EB00001E0FFF763FF4846BDE8FE83CC03002006
:105EC0003E000020400000207FB504460D46FF2024
:105ED000039042F21070012103AACDE90021029043
:105EE000610001232A460948FBF782FA0646084862
:105EF00006700648006C074908601EB1FFF73EFFB8
:105F0000FF2003909DF80C0004B070BDCC0300206E
:105F10003E000020400000202DE9F047002432A080
:105F2000FEF794FA00203D490860C871887100F0BE
:105F3000C3F800F07BF94FF480613948FBF752F861
:105F400007464FF400613648FBF74CF8804633486B
:105F5000077180F80580424639463248FEF776FAE6
:105F600031A0FEF773FA082525E000F049FA69062A
:105F7000080E00F07FFAD0B100F062FA284600F077
:105F800013FA06463146284600F0DAF881464B46B9
:105F90003246294629A0FEF759FA102C04D21F4890
:105FA0000830055510300655601CC4B201E000F001
:105FB00047FA681CC5B2772DD7D91CB92748FEF718
:105FC00045FA03E0214626A0FEF740FA2AA0FEF794
:105FD0003DFA124884713448104908600120C871A4
:105FE000FFF712FFBDE8F0870D0A3D3D3D3D3D3D09
:105FF0003D3D20493243207363616E205042313071
:106000003D53434C20504231313D534441203D3DAE
:106010003D3D3D3D3D3D0D0A0000000020040020B7
:1060200000040240C8C000087363616E20307830FD
:1060300038202D3E20307837370D0A00202041438C
:106040004B203078253032582020726567303D3043
:106050007825303258202025730D0A0010C1000821
:10606000666F756E642025752064657669636528A2
:1060700073290D0A000000003D3D3D3D3D3D3D3D85
:106080003D3D3D3D3D3D3D3D3D3D3D3D3D3D3D3D40
:106090003D3D3D3D3D3D3D3D3D3D3D3D3D3D3D3D30
:1060A0003D3D3D3D0D0A0000314E435310B50520E6
:1060B000FFF7E2FC10BD000000B587B0142102A874
:1060C000FAF732F91B48FAF7B1FF1B48006820F4D1
:1060D00080001949086000BF002001901648103860
:1060E000006840F002001449103908600846006852
:1060F00000F00200019000BF00BF4FF4406002902A
:1061000011200390012004900320059002A90B4860
:10611000FAF766FE012291020848FAF775FF01229C
:10612000D1020648FAF770FF1420FFF7A5FC07B06C
:1061300000BD0000CC0300204038024000040240B3
:106140000246682A01D0692A09D1242901D111A067
:1061500070470F2901D113A0FAE717A0F8E7182A12
:1061600009D11E2901D11BA0F2E7FA2901D11DA0F6
:10617000EEE720A0ECE73C2A01D03D2A01D122A085
:10618000E6E70C2A03D30F2A01D823A0E0E710A0EA
:10619000DEE70000494D5536363052412F424D4919
:1061A00032373000424D493038382F424D49303572
:1061B00035206779726F0000706F737369626C6568
:1061C00020494D552028307836382F3078363929F7
:1061D00000000000424D4930383820616363656C2F
:1061E00000000000424D4930353520616363656C25
:1061F00000000000706F737369626C6520424D4946
:1062000020616363656C00004F4C45442053534448
:106210003133303600000000706F737369626C6553
:1062200020495354383331300000000000B585B0A8
:1062300014216846FAF778F8012291023248FAF7F9
:10624000E3FE0122D1023048FAF7DEFE1420FFF708
:1062500013FC4FF480612C48FAF7C4FE2B490870F8
:106260004FF400612848FAF7BDFE284948704FF402
:106270007A70FFF701FC4FF480612348FAF7B2FE11
:10628000224988704FF400611F48FAF7ABFE1F499E
:10629000C8704FF4406000901120019000200290DF
:1062A0000320039069461848FAF79AFD01229102EB
:1062B0001548FAF7A9FE0122D1021348FAF7A4FE05
:1062C0004FF47A70FFF7D8FB4FF480610E48FAF76D
:1062D00089FE0E4908714FF400610B48FAF782FEFF
:1062E0000A4948710120029069460748FAF778FD8B
:1062F000012291020448FAF787FE0122D1020248E6
:10630000FAF782FE05B000BD00040240380000200C
:1063100070B5054600240122D1022248FAF774FE26
:1063200000261AE06006040E012291021D48FAF7C9
:106330006BFEFFF7BBFE4FF400611A48FAF752FEFE
:1063400008B144F0010400224FF480611548FAF7C7
:106350005BFEFFF7ABFE701CC6B2082EE2D30DB990
:10636000012000E0002002464FF400610D48FAF7DA
:106370004BFEFFF79BFE012291020A48FAF744FE0A
:10638000FFF794FE00224FF480610648FAF73CFEC6
:106390000122D1020348FAF737FEFFF787FE2046B5
:1063A00070BD00000004024070B50446FF2500F0F7
:1063B00027F86106080E00F05DF818B900F040F803
:1063C000FF2070BD002000F055F818B900F038F833
:1063D000FF20F6E700F014F8012101EB4401C8B2F8
:1063E00000F048F818B900F02BF8FF20E9E700208A
:1063F000FFF78EFF054600F023F82846E1E700008E
:1064000010B50122D1020D48FAF7FEFD01229102DA
:106410000A48FAF7F9FDFFF749FE00224FF4006140
:106420000648FAF7F1FDFFF741FE00224FF48061C4
:106430000248FAF7E9FDFFF739FE10BD00040240FB
:1064400010B500224FF400610948FAF7DDFDFFF7AF
:106450002DFE012291020648FAF7D6FDFFF726FE2F
:106460000122D1020248FAF7CFFDFFF71FFE10BD4F
:106470000004024070B50446002519E0C4F3C012C0
:106480004FF400611C48FAF7BFFDFFF70FFE012231
:1064900091021948FAF7B8FDFFF708FE00224FF401
:1064A00080611548FAF7B0FD6006040E681CC5B29D
:1064B000082DE3D30122D1020F48FAF7A5FDFFF71B
:1064C000F5FD012291020C48FAF79EFDFFF7EEFD63
:1064D0004FF400610848FAF785FD08B9012000E093
:1064E0000020064600224FF480610348FAF78CFD35
:1064F000FFF7DCFD304670BD000402402DE9FE438D
:106500000746884615461E4605B116B90120BDE866
:10651000FE8342F21070790001234246CDE9005615
:1065200002900848FBF7DEF8044607480470054867
:10653000006C064908601CB1FFF720FC0120E6E76B
:106540000020E4E7CC0300203E00002040000020B3
:10655000034800780349C8730348006848607047DF
:106560003E00002058060020400000200A480B4949
:10657000086000204860088188720220C872FF20ED
:10658000087369204873FF208873C87308744874BF
:10659000002088747047000031554D49580600208E
:1065A00070B530202C49887200217C2000F0C2F8A0
:1065B00018B1FFF7CDFF012070BD0120FFF750FAA1
:1065C0003120254988720021592000F0B3F818B114
:1065D000FFF7BEFF0120EFE700201F4908813320AD
:1065E00088724FF400531D4A5E211D480078FFF762
:1065F00085FF18B1FFF7ACFF0120DDE73420164915
:1066000088720121592000F095F818B1FFF7A0FF1A
:106610000120D1E7002517E00520FFF721FA3520FA
:106620000D49887221210E480078FFF74DFC044681
:1066300009488473FFF78CFF04F00F00012801D193
:106640000020B9E7681CC5B21E2DE5D3214605A080
:10665000FDF7FCFE0120AFE7580600204CA0000823
:106660000B010020494D55363630524120494E54D9
:1066700045524E414C5F5354415455533D3078255B
:10668000303258202877616E742030783031290DEF
:106690000A0000002DE9F0410446FF25114804706E
:1066A000FCF7BCFC0120FFF7DBF900260CE0FCF74F
:1066B000B5FC0546242D02D12846BDE8F0810A200C
:1066C000FFF7CEF9701CC6B2202EF0D32046FFF79C
:1066D0007DFB07463B462A46214603A0FDF7B6FE52
:1066E0002846EAE70B010020494D55363630524125
:1066F0002070726F626520307825303258206C61CE
:1067000073745F69643D307825303258207265615A
:1067100064793D25750D0A0070B504460D46164690
:1067200033462A46214602480078FFF7A5FB70BD94
:106730000B01002013B50446012301AA214602489B
:106740000078FFF7DBFE1CBD0B0100200948006844
:1067500040F08070074908600020074948600846FB
:10676000006840F00100086008464068034908607E
:1067700070470000FCED00E0001000E05800002031
:10678000024840680249086070470000001000E0BD
:106790005800002010B50848FDF7EAF90748FDF752
:1067A000E7F99FED070A074880ED000A9FED040A0C
:1067B00080ED010A10BD0000DC040020240500204B
:1067C00000000000D400002070B52DED068B88B0CD
:1067D0000020059006900790002497A0FDF736FE54
:1067E000002510E09C4A9D48011F0B1FCDE90102C6
:1067F00000919B4A111F081FFCF710FE0120FFF7B4
:106800002FF9681C85B2502DECD3002577E0681C69
:1068100085B2914A9148011F0B1FCDE901020091F9
:106820008F4A111F081FFCF7F9FD18B10120FFF76F
:1068300017F964E08A480838D0ED000A60EEA00A33
:1068400090ED011AD0ED011A41EE210A90ED021AE5
:10685000D0ED021A41EE210AB0EE600AFEF75CFAB2
:10686000B0EE408A7D480838D0ED000A60EEA00AFC
:1068700090ED011AD0ED011A41EE210A90ED021AB5
:10688000D0ED021A41EE210AB0EE600AFEF744FA9A
:10689000F0EE408A9FED730AB4EEC08AF1EE10FA72
:1068A00029DB9FED710AB4EEC08AF1EE10FA22D80E
:1068B000B2EE000AF4EEC08AF1EE10FA1BD89DED9C
:1068C000050A66480838D0ED000A30EE200A8DED42
:1068D000050A9DED060AD0ED010A30EE200A8DED85
:1068E000060A9DED070AD0ED020A30EE200A8DED72
:1068F000070A601C84B20120FFF7B2F800BFB4F5AC
:10690000C87F02D2B5F5487F81D3B4F5C87F51D294
:1069100052480838D0ED000A60EEA00A90ED011A46
:10692000D0ED011A41EE210A90ED021AD0ED021AC3
:1069300041EE210AB0EE600AFEF7EEF910EE106AA1
:106940003046F9F71BFD41EC180B45480838D0EDEF
:10695000000A60EEA00A90ED011AD0ED011A41EE96
:10696000210A90ED021AD0ED021A41EE210AB0EE92
:10697000600AFEF7D1F910EE106A3046F9F7FEFC16
:1069800041EC190B8DED028B8DED009B4FF4C8721D
:10699000214636A0FDF75AFD9FED420A424880EDA0
:1069A000020A80ED010A80ED000A002008B0BDEC6B
:1069B000068B70BD9DED050ADFED3C0A80EE201AC6
:1069C000394880ED001A9DED060ADFED380A80EEA9
:1069D000201A80ED011A9DED070ADFED340A80EEE2
:1069E000201A80ED021A90ED020A10EE101A0846E5
:1069F000F9F7C4FC41EC180B2B4890ED010A10EE9E
:106A0000101A0846F9F7BAFC41EC190B264890ED2C
:106A1000000A10EE101A0846F9F7B0FC41EC1A0B08
:106A20008DED028B8DED009B53EC1A2B20A0FDF712
:106A30000DFD0120BAE70000494D55206779726FBE
:106A40002063616C69623A206B65657020737469BC
:106A50006C6C0D0A00000000F0000020B005002062
:106A6000BC0500209A99593F3333933F494D552037
:106A700063616C69622061626F727465643A20734D
:106A800074696C6C2025752F2575206163633D2525
:106A90002E33662067206779726F3D252E32660D92
:106AA0000A00000000000000780400200000C84335
:106AB000494D55206779726F5F626961733A20258D
:106AC0002E346620252E346620252E3466206470F0
:106AD000730D0A0010B5FFF739FE0B4A0B490C483D
:106AE000F9F7A6FFFCF794FC28B1FFF76DFE10B98B
:106AF00008A0FDF7ABFC00200E49088001200E49DC
:106B00000870FFF73DFE10BDC0050020A80500205D
:106B1000CC050020494D552072756E6E696E672058
:106B2000776974686F7574206779726F2062696124
:106B3000730D0A005C0000205400002018494868CA
:106B400018490968411A01EE101A164908601649D9
:106B5000096811B99FED150A7047F8EE411A1249FC
:106B600091ED000AB8EE400AC1EE800A9FED100ACE
:106B7000F4EEC00AF1EE10FA04D29FED0D0AF0EE29
:106B8000400A0AE09FED0B0AF4EEC00AF1EE10FA9B
:106B900003DD9FED080AF0EE400AB0EE600ADBE785
:106BA000001000E058000020000000206F12833A1F
:106BB0006F12033A0AD7A33B00B587B0FFF7BEFFB9
:106BC000874880ED000A874A8748011F0B1FCDE9DF
:106BD00001020091854A111F081FFCF71FFCA0B19C
:106BE000834800884FF6FF71884204D280480088AD
:106BF000401C7F4908807E480088052802D3002079
:106C00007C490870002007B000BD0020784908804A
:106C10000120784908707448083890ED000A7648D9
:106C2000D0ED000A30EE600A6F48083880ED000AA7
:106C300090ED010A7048D0ED010A30EE600A6A4812
:106C4000083880ED010A90ED020A6B48D0ED020A87
:106C500030EE600A6448083880ED020A90ED000AC0
:106C6000DFED660A20EE200A8DED040A90ED010AA0
:106C7000DFED620A20EE200A8DED050A90ED020A92
:106C8000DFED5E0A20EE200A8DED060A5C4B574AC6
:106C9000083A04A9524890ED000A5A48F9F7DCFE78
:106CA000594B1A1F111F5748FEF7B6FF56480838B0
:106CB000D0ED000AB0EE600A002000F089FD5348D4
:106CC00080ED000A50480838D0ED010AB0EE600AA5
:106CD000012000F07DFD4D4880ED010A4A4808384A
:106CE000D0ED020AB0EE600A022000F071FD4748C4
:106CF00080ED020AD0ED000AB0EE600A444800F0D0
:106D0000B3F9444880ED000A4048D0ED010AB0EEE6
:106D1000600A3F48001D00F0A7F93E4880ED010AD7
:106D20003A48D0ED020AB0EE600A3948083000F067
:106D30009BF9384880ED020A3348083890ED000A84
:106D4000354880ED010A3048083890ED010A324894
:106D500080ED020A2C48083890ED020A2E4880ED9A
:106D6000030A2248083890ED000A2B4880ED040AF7
:106D70001E48083890ED010A274880ED050A1B4897
:106D8000083890ED020A244880ED060A16480838B3
:106D900090ED000A204880ED070A1348083890ED6E
:106DA000010A1D4880ED080A0F48083890ED020AD4
:106DB000194880ED090A0A4890ED000A164880ED4E
:106DC0000A0A0C480078144981F82C00FCF720FBD3
:106DD000114981F82D0011480860012013E70000D7
:106DE00050000020F0000020B0050020BC0500206D
:106DF0005C000020540000207804002035FA8E3C0E
:106E0000C0050020CC050020E405002090050020EE
:106E10009C0500207805002048040020315454418E
:106E2000F0EE400AF6EE001A60EEA11AB0EE611A1A
:106E3000B0EE600A10EE100A0749A1EB600000EE08
:106E4000100A21EE002AF7EE081A42EE401A61EE0F
:106E5000801AB0EE610A7047DF59375F10B51648E7
:106E60000068164908601448006840F080701249B4
:106E700008601348806840F48050114988604CF6DF
:106E8000CC401049086045F2555008600420486025
:106E9000FA20886000BF0B48C0680028FBD14AF682
:106EA000AA2008490860002007490860FAF7B8F8E6
:106EB0000649086010BD0000743802409C000020A4
:106EC000002004E000300040A8000020AC000020BA
:106ED00070B501F06DFE1548006800F00F000F2836
:106EE00001D1012000E00020064616B100200F4924
:106EF000086001F0A9FE06B970BD4AF6AA200C4947
:106F00000860FAF78DF804460A480068251A09480F
:106F1000046009480068854201D9074805600748B0
:106F20000068401C0549086000BFE5E7A800002094
:106F300000300040AC000020A4000020A000002091
:106F400010B5044601F034FE0348006820430249AE
:106F5000086001F079FE10BDA800002000B587B0E0
:106F600000BF002001900D48006840F004000B496C
:106F700008600846006800F00400019000BF00BFF0
:106F80000C20029000200390012004900220059024
:106F900002A90348F9F724FF07B000BD30380240CA
:106FA0000008024000B587B000BF00BF002001907C
:106FB0002648006840F00800244908600846006838
:106FC00000F00800019000BF00BF00BF00BF00BF7D
:106FD000002001900846006840F00800086008465C
:106FE000006800F00800019000BF00BF00BF00BFB4
:106FF00000BF002001900846006840F008000860CB
:107000000846006800F00800019000BF00BF00BF04
:1070100000BF00BF002001900846006840F0080053
:1070200008600846006800F00800019000BF00BF3B
:1070300000BF3C20029001200390049002200590A4
:1070400002A90348F9F7CCFE07B000BD3038024072
:10705000000C024010B5044614B94FF0FF3010BDCB
:10706000F9F7DEFF001BFAE7F0EE400A9FED070A92
:1070700020EE800A90ED001ADFED051A01EE810A7C
:1070800080ED000A90ED000A704700009A99193EC1
:107090009A99593F70B5FAF7E5FB072302220821B8
:1070A0004FF4A87001F098FBA820FEF7BDFC4FF448
:1070B000E13001F055FCFFF775FF00BF01222021F0
:1070C0002248F9F7A1FF00BFFFF748FF00F070F971
:1070D000002144F29F1001F037FA01F08DFAFEF71B
:1070E00093FE1BA0FDF7B2F9FEF716FF00F006FABB
:1070F000FCF756F804467CB1FCF708F80546FBF7A8
:107100008DFF06462B46324621461BA0FDF79EF911
:107110002848FDF79BF90AE0FBF7F8FF0546FBF767
:107120007DFF06462A46314623A0FDF78FF9FFF77B
:10713000D1FCFCF783FBFEF759FCFEF727FBFFF7BA
:107140008DFE01F0C9FF002070BD0000000C024060
:107150000D0A6368617373697320494D5520493284
:1071600043207363616E207374617274696E672E5D
:107170002E2E0D0A00000000494D55363630524182
:1071800020696E6974206661696C65642C20737473
:10719000617475733D256420636869703D3078259E
:1071A00030325820616464723D3078253032580D99
:1071B0000A0000006CC00008494D55363630524177
:1071C00020696E6974206F6B2C20636869703D3094
:1071D000782530325820616464723D307825303231
:1071E000580D0A0010B50446012C09D100220102F5
:1071F0000A48F9F709FF012251020848F9F704FF8C
:1072000054B9012211020548F9F7FEFE00224FF49D
:1072100000710248F9F7F8FE10BD000000040240BA
:1072200010B50446002C02DD0120FFF7DBFF002C27
:1072300002DA0020FFF7D6FF221E01DB114600E034
:10724000514288B200F002F810BD000001490968FF
:10725000086470471006002010B50446012C09D1BF
:10726000002201210948F9F7CFFE01220221074837
:10727000F9F7CAFE4CB9012211460448F9F7C4FED9
:10728000002202210148F9F7BFFE10BD00100240A4
:1072900010B50446002C02DD0120FFF7DDFF002CB5
:1072A00002DA0020FFF7D8FF221E01DB114600E0C2
:1072B000514288B200F002F810BD0000014909688F
:1072C000C86370471006002010B50446012C09D190
:1072D000002201030A48F9F797FE012251030848EA
:1072E000F9F792FE54B9012211030548F9F78CFE13
:1072F00000224FF400510248F9F786FE10BD00004D
:107300000010024010B50446002C02DD0120FFF7FA
:10731000DBFF002C02DA0020FFF7D6FF221E01DB84
:10732000114600E0514288B200F002F810BD0000A2
:1073300001490968886370471006002010B50446AB
:10734000012C09D1002281030A48F9F75DFE0122D0
:10735000D1030848F9F758FE54B9012291030548B2
:10736000F9F752FE00224FF400410248F9F74CFEB3
:1073700010BD00000010024010B50446002C02DDD4
:107380000120FFF7DBFF002C02DA0020FFF7D6FF19
:10739000221E01DB114600E0514288B200F002F8E3
:1073A00010BD0000014909684863704710060020BD
:1073B00000B587B000BF002001901B48006840F076
:1073C0001000194908600846006800F0100001909C
:1073D00000BF00BF4FF20300029001200390049011
:1073E0000220059002A91148F9F7FAFC00BF00201D
:1073F00001900D48006840F002000B490860084603
:10740000006800F00200019000BF00BF4FF4407020
:1074100002900120039004900220059002A90448E4
:10742000F9F7DEFC07B000BD303802400010024022
:107430000004024010B52DED048BB0EE408A9FEDA4
:10744000180AF0EE408A9FED170AB0EE409ADFED81
:10745000140AB0EE480AFDF7CDFAB0EE408A9FED6F
:10746000110AB4EEC08AF1EE10FA06DD9FED0C0AA7
:1074700038EE400AB0EE408A0CE09FED0B0AB4EE05
:10748000C08AF1EE10FA05D29FED050A38EE000A27
:10749000B0EE408AB0EE480ABDEC048B10BD00008F
:1074A000DA0FC940DA0F4940DA0F49C01CB511A103
:1074B00003C9CDE90001042001F0EEF80522694678
:1074C000302000F005F905226946102000F088F808
:1074D000002406E01DF80400A52800D003E0601C8D
:1074E000C4B2052CF6DB00BF052C01D001201CBD69
:1074F0000020FCE7A5A5A5A5A500000000B587B064
:1075000000BF00BF002001903248006840F0080032
:10751000304908600846006800F00800019000BF8C
:1075200000BF00BF00BF00BF0020019008460068F8
:1075300040F0020008600846006800F00200019078
:1075400000BF00BF00BF00BF00BF00200190084681
:10755000006840F0080008600846006800F0080075
:10756000019000BF00BF00BF4FF400400290012017
:10757000039004900220059002A91748F9F730FC07
:107580004FF48050029002A91448F9F729FC4FF4F7
:10759000804002900020039001200490022005907A
:1075A00002A90D48F9F71CFC01F026F800F076F866
:1075B00000BF00224FF400410748F9F725FD00BF46
:1075C00000BF012211030548F9F71EFD00BF07B0F7
:1075D00000BD000030380240000C024000040240B0
:1075E0002DE9F04107460D46164600BF00224FF434
:1075F00080510E48F9F708FD00BF384601F03CF80D
:107600008046002405E0FF2001F036F82855601C74
:10761000C4B2B442F7DB00BF012211030348F9F7FB
:10762000F3FC00BF4046BDE8F081000000040240CA
:1076300070B5044600BF00224FF480510948F9F7A5
:10764000E3FC00BF204601F017F8FF2001F014F81A
:10765000054600BF012211030248F9F7D5FC00BF1F
:10766000284670BD0004024070B50446012607207C
:10767000FFF7DEFF05462946272000F051F805F008
:10768000400048B1202221466120FFF7A9FFFF21D9
:10769000E22000F045F80026304670BD10B50B48DA
:1076A0000068006820F0400008490968086000216F
:1076B000064801614161FAF7F5FC0448006800687A
:1076C00040F0400001490968086010BD74030020C3
:1076D0002DE9F04107460C46164600BF00224FF444
:1076E00080510E48F9F790FC00BF384600F0C4FF07
:1076F0008046002505E014F8010B00F0BDFF681C72
:10770000C5B2B542F7DB00BF012211030348F9F708
:107710007BFC00BF4046BDE8F08100000004024051
:1077200070B505460C4600BF00224FF480510A4850
:10773000F9F76AFC00BF284600F09EFF0646204687
:1077400000F09AFF00BF012211030348F9F75CFC27
:1077500000BF304670BD00000004024010B5F9F7CC
:107760005FFC0449086004480068401C0249086046
:1077700010BD000000010020F800002010B50D48E9
:1077800090ED000AF0EE400A0B4890ED000A0B481D
:10779000FCF7F6F80A4880ED000A0A48D0ED000A26
:1077A000094890ED000A0948FCF7EAF8044880ED22
:1077B000010A10BD78050020B8000020DC0400207C
:1077C000D4000020EC000020E80000202405002068
:1077D000F0EE400A204901EB800191ED000A30EE05
:1077E000C00AB0EE401A9FED1D0AB4EEC01AF1EEC9
:1077F00010FA0ED21A4901EB800191ED000ADFED7B
:10780000191A30EE210A164901EB800181ED000AB8
:1078100014E09FED150AB4EEC01AF1EE10FA0DDD7A
:107820000F4901EB800191ED000ADFED0E1A30EEF9
:10783000610A0B4901EB800181ED000A064901EB69
:107840008001C1ED000A064901EB800191ED000ABB
:1078500030EE200A704700006C05002074A942C079
:1078600084050020DA0FC94074A942402DE9F04197
:1078700005460E462948076800202949096881F80D
:10788000590027480068001D01F026F950B9244826
:10789000006890F82C100120884022490968814333
:1078A00020480160681CD8B9D6B11F4948681C49F6
:1078B000096888601A4982680968CA6018490968B5
:1078C000091D8268516016490968091D8160164AC0
:1078D000134909684A6111460968491C11601AE098
:1078E0007C190F4800684460BC4207D20C4801680C
:1078F000091D0E48006801F035F90CE008480168E0
:10790000091D0B48006801F02DF90A4800688442FF
:1079100001D208480460BDE8F08100002401002085
:1079200010010020280100207C09002018010020FF
:10793000140100204001002010B5044601F038F980
:1079400031480068401C304908603048006840B940
:107950002E4804600846006801280DD100F016FA90
:107960000AE02B48006838B928480068C06AE16A14
:10797000884201D82548046026480068401C2549F3
:10798000086008460068606494F82C100120884064
:1079900021490968084320490860E16A01EB810137
:1079A0001E4A02EB81014868A0608268E260211DE6
:1079B000826851608160E16A01EB8101174A02EB44
:1079C00081026261E16A01EB8101144A52F82110DF
:1079D000491CE26A02EB8202104B43F8221001F0CC
:1079E00033F90B48006868B108480068C06AE16A6A
:1079F000884207D24FF0805009490860BFF34F8F8B
:107A0000BFF36F8F10BD0000200100201001002087
:107A10002C0100203C01002028010020AC060020A1
:107A200004ED00E010B501F0C3F810480068D0B9CB
:107A30000F4801F087F80F4801F084F80C480E4910
:107A400008600C480D49086000221021052001F053
:107A500013FD064908600846006820B108A10348E4
:107A6000006801F0B1F901F0EFF810BD58010020F5
:107A700090090020A409002050010020540100209A
:107A8000546D72510000000010B516E001F090F83E
:107A90000C48C068C468201D01F01EF80A48006840
:107AA000401E0949086009480068401E07490860EF
:107AB00001F0CAF8204600F05FF80448006800288A
:107AC000E4D110BD68090020200100201C01002025
:107AD00070B504460D46206C70B1216CE06801441D
:107AE000E160D4E90210884201D32168E1602846B0
:107AF000226CE168F8F7FFFB70BD2DE9F041044608
:107B00000F4615464FF00008A66B206C48B9206858
:107B100000282CD1A06802F04BF880460020A0601D
:107B200025E07DB93946226C6068F8F7E4FB216CEA
:107B3000606808446060D4E90101884217D3206876
:107B4000606014E03946226CE068F8F7D4FB216CE1
:107B5000E068411AE1602168E068884203D2216C44
:107B6000A068411AE160022D01D106B1761E701C99
:107B7000A0634046BDE8F08110B50446206B01F0DB
:107B8000A3F8204601F0A0F810BD00000146084A05
:107B9000126812680AB9012200E000220A600A682D
:107BA00022B9034A1268D268106800E000207047CA
:107BB0005001002030B54FF44053174800F007043F
:107BC0002CB1C01D20F00700134C041B1B1B0246E8
:107BD000124C22600024114D6C60D018083820F03F
:107BE00007000F4C206000240D4D2D686C600C4D7B
:107BF0002D682C601146441A4C60094C24680C60B6
:107C0000084D4C682C60084D4C682C604FF00044C7
:107C1000064D2C6030BD0000B80900206401002032
:107C20006C01002074010020700100208001002000
:107C300000BFFFF729FF064800680128F9D94FF077
:107C4000805004490860BFF34F8FBFF36F8FF0E798
:107C5000AC06002004ED00E02DE9F04106460D469B
:107C600017469846069C0DB9246000E02760E6633D
:107C700025640121204601F047FC84F85080002053
:107C8000A064BDE8F08100002DE9F05F82460F4658
:107C900090469B460A9E0C9C4FEA8801A522206BC9
:107CA000F8F73BFBA8F10100216B01EB800929F0FB
:107CB000070909F0070008B9012000E0002028B9F1
:107CC0004FF4587224A12DA0FCF7C0FB87B100250A
:107CD00007E0795D04F134004155785D00B902E0B8
:107CE0006D1C102DF5D300BF00214320015502E08B
:107CF000002084F83400202E01D2012000E0002072
:107D000028B940F2973214A11CA0FCF79FFB202E4B
:107D100000D31F26E662E66400202065201D00F0E7
:107D20001EFF04F1180000F01AFF2461C6F12000C4
:107D3000A06164620020606584F8580084F85900EE
:107D40005A465146484600F041FC20600B9808B165
:107D50000B980460BDE8F09F2E2E5C2E2E5C4D69C2
:107D600064646C6577617265735C467265655254D4
:107D70004F535C7461736B732E6300004572726FB6
:107D8000723A2025732C2025640D0A0010B50024BA
:107D900007E004EB84010F4A02EB810000F0D2FE01
:107DA000641C202CF5D30C4800F0CCFE0B4800F0EE
:107DB000C9FE0B4800F0C6FE0A4800F0C3FE0A48A0
:107DC00000F0C0FE044809490860044808490860FA
:107DD00010BD0000AC0600202C0900204009002046
:107DE00054090020680900207C09002014010020AB
:107DF0001801002010B50146164800E0006803682D
:107E00008B42FBD30246436813448B4204D1436840
:107E10004C682344436001460A464B681344046897
:107E2000A34211D10C4C03682468A34208D04B68CC
:107E30000468646823444B6003681B680B6005E0BA
:107E4000054B1B680B6001E003680B60884200D0A3
:107E5000016010BD640100206C0100202DE9F0419B
:107E600004460D4616461F464FF000086560246123
:107E7000B5420CD8F01BA169884202D34FF001082B
:107E800011E0211D0948006800F06CFE0BE0BE42C5
:107E900004D2BD4202D34FF0010804E0211D044882
:107EA000006800F05FFE4046BDE8F081540100200C
:107EB0005001002070B5054600F07AFEA86B08B9A5
:107EC000012400E0002400F0BFFE204670BD000049
:107ED000F1B50098846C00262CB940F6D53220A16B
:107EE00028A0FCF7B3FAA06BE16B884201D2012015
:107EF00000E0002028B940F6D63219A121A0FCF7F5
:107F0000A5FAA06BE16B884227D294F94550002274
:107F100069462046FFF7F1FD0646681C60B9606AB5
:107F200008B9012000E00020B0B904F1240001F0FC
:107F3000C7FE88B101260FE07F2D01D0012000E0AF
:107F4000002028B940F6F63205A10EA0FCF77EFA13
:107F5000681C40B284F8450000BF3046F8BD000000
:107F60002E2E5C2E2E5C4D6964646C6577617265A3
:107F7000735C4672656552544F535C7175657565E7
:107F80002E6300004572726F723A2025732C2025F3
:107F9000640D0A0070B505460E460E480068C068BC
:107FA000C468201D00F098FD94F8280000F004003B
:107FB00028B132462946204600F0FEF805E094F844
:107FC000280000F0FE0084F828002046216A884737
:107FD00070BD00005001002070B586B08AE00298A4
:107FE00000280CDA03AE2EB940F2063247A150A0A9
:107FF000FCF72CFAD6E90020B168904700BF029840
:10800000002877DB049C606908B9012000E00020AB
:1080100010B9201D00F060FD01A800F0F9F8054638
:1080200002980A2864D2DFE800F06305072E365371
:1080300006082F3700BF00BF00BF94F8280040F0AB
:10804000010084F828000398A269811803462A4693
:108050002046FFF703FFA8B194F8280000F00400C1
:1080600038B10398A26981182A46204600F0A4F886
:1080700005E094F8280000F0FE0084F8280020466F
:10808000216A884735E000BF94F8280000F0FE0020
:1080900084F828002DE000BF94F8280040F001008B
:1080A00084F828000398A061A06908B1012000E0CD
:1080B000002028B940F2593214A11DA0FCF7C6F9DE
:1080C000A06941192B462A462046FFF7C7FE10E05B
:1080D00094F8280000F0020018B9204600F0F4FDE2
:1080E00005E094F8280000F0FE0084F8280000E085
:1080F00000BF00BF002202A91148006801F082FA07
:1081000000287FF46CAF06B070BD00002E2E5C2EF0
:108110002E5C4D6964646C6577617265735C467250
:10812000656552544F535C74696D6572732E6300BC
:108130004572726F723A2025732C2025640D0A0057
:1081400058010020F8B505460C4601F027F86846AE
:1081500000F05EF80646009820BB44B9B54206D848
:1081600001F054FE31462846FFF714FF1CE03CB1F5
:108170000E480068006808B9012000E000200446AD
:10818000A91B22460A48006800F064FE01F03EFE8A
:1081900050B94FF0805007490860BFF34F8FBFF3CD
:1081A0006F8F01E001F032FEF8BD000054010020A5
:1081B0005801002004ED00E070B504460D46164657
:1081C00004E0A06905442046216A8847A069411956
:1081D0002B4632462046FFF741FE0028F1D170BD04
:1081E00009480068006808B9012000E0002020B1BB
:1081F0004FF0FF300549086005E003480068C0689B
:108200000068024908607047140100204001002006
:1082100070B5044601F0D2FB054607480068854268
:1082200004D200F00BF80120206001E00020206063
:1082300001480560284670BD6001002070B508E067
:108240000D480068C06804684FF0FF312046FFF712
:10825000A1FE09480068006808B9012000E000207C
:108260000028EDD004480568044800680249086009
:108270000248056070BD000050010020540100203C
:108280000B480068401C08B9012000E0002020B91C
:10829000E92208A116A0FCF7D9F800BF502080F30E
:1082A0001188BFF34F8FBFF36F8F00BF00BFFEE792
:1082B000840100202E2E5C2E2E5C4D6964646C655A
:1082C00077617265735C4672656552544F535C709A
:1082D0006F727461626C655C525644535C41524DDE
:1082E0005F434D34465C706F72742E630000000073
:1082F0004572726F723A2025732C2025640D0A0096
:1083000008B500BF6846FFF741FC044620460099C7
:10831000FFF718FFFFF760FEF4E770B5044600F0C2
:1083200047FC94F9455019E0A06C30B12046FFF7A6
:10833000CFFD88B100F052FE0EE0606A08B901205E
:1083400000E0002038B904F1240001F0B9FC18B1B4
:1083500000F044FE00E003E0681E45B2002DE3DCBF
:1083600000BFFF2084F8450000F06EFC00F020FC08
:1083700094F9445010E0206908B9012000E0002081
:1083800048B904F1100001F09BFC08B100F026FE92
:10839000681E45B200E001E0002DECDC00BFFF20CC
:1083A00084F8440000F050FC70BD00002DE9F0415D
:1083B00004464FF0000800F0F1FE4B48006808B991
:1083C000FFF7F8FB494800682040002875D1002CD1
:1083D00023D004F10800A0421FD9083404F007009C
:1083E00000281BD004F00700C0F108002044A04280
:1083F00011D904F00700C0F10800044404F007009C
:1084000008B9012000E0002040B99C2238A146A014
:10841000FCF71CF802E0002400E00024002C4CD003
:1084200045480068844248D8444E3046056801E01B
:108430002E462D686868A04202D228680028F7D12D
:1084400029480068854238D0306800F1080828685B
:1084500030606868001B102813D92F1907F0070037
:1084600008B9012000E0002020B9CF2220A12EA0D1
:10847000FBF7ECFF6868001B78606C603846FFF71C
:10848000B9FC2D4968680968081A2B490860084634
:1084900000682B490968884203D2274800682849A8
:1084A000086012496868096808436860002028600D
:1084B00024480068401C2349086001F0A7FCB8F17B
:1084C000000F01D100F01CFB08F0070008B90120E3
:1084D00000E0002028B94FF4887205A112A0FBF734
:1084E000B5FF4046BDE8F0816C010020800100200E
:1084F0002E2E5C2E2E5C4D6964646C65776172650E
:10850000735C4672656552544F535C706F72746150
:10851000626C655C4D656D4D616E675C6865617030
:108520005F342E63000000004572726F723A20259E
:10853000732C2025640D0A007001002064010020C6
:10854000740100207801002030B587B005460C4644
:108550001C216846F7F7E8FE1A481B4908600846E0
:108560004460C56000218160FAF781F860200090C6
:10857000002001900290002269461348F9F7F9FFA4
:10858000042269461048F9F7F4FF082269460E48AC
:10859000F9F7EFFF0C2269460B48F9F7EAFF0021D3
:1085A0000948FAF7D9F804210748FAF7D5F808215D
:1085B0000548FAF7D1F80C210348FAF7CDF807B0CF
:1085C00030BD00000004014010060020001F4FF0E5
:1085D00080730360001F21F001030360001F054B3F
:1085E000036014380260001F6FF00203036020383C
:1085F000704700008182000808B500BF00BF00205E
:1086000000901A48006840F4804018490860084605
:10861000006800F48040009000BF00BF00BF144815
:10862000144908604FF4827048600021114881604D
:10863000C16002210161012141614902816138214A
:10864000C16100210162416281620721C162F9F7C3
:1086500029FD08480068006840F0400005490968A5
:108660000860FF2000F008F808BD00004038024014
:10867000003800407403002001B582B04FF47A70D6
:10868000012301AA02A900900248F9F7DBFD9DF839
:1086900004000EBD7403002010490968096821F028
:1086A00040010E4A126811600C49096809684FF6CA
:1086B000C7721140094A12681160084909680968BF
:1086C00041EAC001054A1268116004490968096855
:1086D00041F04001014A12681160704774030020A4
:1086E00010B500EE100A2DED028BB1EEC08A18EE27
:1086F000100A20F00040C0F1FF40C00F0AD010EE79
:10870000100A20F00040C0F1FF40C00F04BF01205C
:10871000FCF7F0FB18EE100ABDEC028B10BD000058
:108720001CB5044600F044FA1748092100234FF411
:108730000072CDE9001015A1164801F089F816481D
:10874000072100238022CDE9001014A1174801F071
:108750007FF81748082100234A01CDE9001015A130
:10876000174801F075F81748062100234FF480726E
:10877000CDE9001014A1174801F06AF8002000F0BC
:108780008FFB00F061FA1CBD84000020696D755FED
:1087900067657400A9590008940000206461746141
:1087A0005F65786368616E6765000000895900083D
:1087B000880000206E72665F636F6D6D00000000C0
:1087C000190B000898000020554152545F54726103
:1087D0006E730000254400082DE9F04192B08046F8
:1087E0000C4615461E46002700BF002000902A4870
:1087F000006840F08050284908600846006800F092
:108800008050009000BF00BF00BF002000902348B0
:10881000006840F48040214908600846006800F480
:108820008040009000BF00BF012001900004029032
:108830000220079041050891CDF8288009940B95F6
:108840000C9601A8F9F7E0F907461FB1012012B014
:10885000BDE8F0810F200D9002200E9000200F90B7
:108860004FF4A05010904FF48050119004210DA8A7
:10887000F9F78AF807460FB10120E8E7F8F7CAFBD5
:1088800041F20101884205D10548006840F480703A
:10889000034908600020DAE74038024000700040D9
:1088A000003C024041EA002212B200EE902AB8EEEB
:1088B000E01ADFED021A81EE210A70470000C8427B
:1088C00010B50A48806D00F0010000B110BD00F045
:1088D0006FF9142206490748F7F70DFD00F0B4F9C7
:1088E0001421044800F008F800BFEFE700600240E0
:1088F000B4040020E805002000BF164A926D02F083
:108900000102002AF9D14FF07462124B9A606FF0A5
:108910004002114B1A602022104B83F83D200122A7
:108920005B6B83F835200B4AD16550660A4A121DED
:10893000084B1A66084A1432126842F08002064B4D
:1089400014331A60034A926D42F00102014B9A659A
:1089500070470000006002400048004030030020E3
:1089600010B504462E482F4908600846446000218F
:108970008160C160016181610C214161F9F774FF7F
:1089800029482A4908604FF0006048604021274884
:1089900081600021C1604FF480610161002141616B
:1089A0008161C1614FF48031016200214162F8F7B9
:1089B00057F900BF1D481B49486308461B49886397
:1089C00000BF194830381A4908604FF0006048600D
:1089D000002117488160C1604FF48061016100216E
:1089E000416181614FF48071C161490201620021DE
:1089F0004162F8F735F900BF0D480A498863084617
:108A00000B49886300BF14220A49F9F7C3FF0848DD
:108A100000684068C0F114000749088010BD0000DC
:108A200000480040300300205860024094010020BC
:108A3000F4010020540200200C0000202DE9F8432E
:108A4000204800684068C0F1140084B21E480088C5
:108A5000844204DB1C480088201A85B205E01A48CD
:108A60000088C0F11400204485B2002611E01648A9
:108A700000883044142190FBF1F201FB120087B210
:108A8000124810F8078012494046FDF76BF8701C39
:108A900086B2AE42EBDB0C4804800E4800680068EA
:108AA000C0F3C00060B100BF00200090094800681A
:108AB00000680090074800684068009000BF00BF51
:108AC000BDE8F883F40100200C00002054020020CF
:108AD000C80400203003002001460A69D1E90130B2
:108AE0009860D1E9010358605068884201D18868D4
:108AF0005060002008611068401E106010687047C8
:108B000000BF502080F31188BFF34F8FBFF36F8FEA
:108B100000BF00231A4619461846FAF7E3FC00BFC7
:108B2000FEE700BF502080F31188BFF34F8FBFF3E3
:108B30006F8F00BF00231A4619461846FAF7D2FC79
:108B400000BFFEE700F1080141604FF0FF31816096
:108B500000F10801C160016100210160704700213E
:108B60000161704710B502460B685C1C0CB91069B6
:108B700007E002F1080000E04068446824689C4275
:108B8000FAD944684C604C68A160886041600A6111
:108B90001468641C146010BD42684A6093688B605E
:108BA000936859609160086103685B1C03607047BB
:108BB00010B500BF502080F31188BFF34F8FBFF373
:108BC0006F8F00BF0B480068401C0A4908600846C8
:108BD000006801280DD108480068C0B208B901201A
:108BE00000E0002028B94FF4DB7204A112A0FBF7CB
:108BF0002DFC10BD8401002004ED00E02E2E5C2E23
:108C00002E5C4D6964646C6577617265735C467255
:108C1000656552544F535C706F727461626C655C31
:108C2000525644535C41524D5F434D34465C706F25
:108C300072742E63000000004572726F723A202534
:108C4000732C2025640D0A0010B50B48006828B964
:108C500040F2BD1209A118A0FBF7F8FB0648006816
:108C6000401E054908600846006820B9002080F3CE
:108C7000118800BF00BF10BD840100202E2E5C2E85
:108C80002E5C4D6964646C6577617265735C4672D5
:108C9000656552544F535C706F727461626C655CB1
:108CA000525644535C41524D5F434D34465C706FA5
:108CB00072742E63000000004572726F723A2025B4
:108CC000732C2025640D0A0070B506463546002E2B
:108CD0003AD0083D2C461D4960680968084008B133
:108CE000012000E0002028B94FF4927218A126A0BC
:108CF000FBF7ACFB206808B9012000E0002028B990
:108D000040F2251212A120A0FBF7A0FB0F496068DA
:108D100009680840C0B12068B0B90C4960680968AA
:108D20008843606000F03AFA1B49606809680844AB
:108D3000194908602046FFF75DF818480068401C94
:108D40001649086001F062F870BD00008001002043
:108D50002E2E5C2E2E5C4D6964646C6577617265A5
:108D6000735C4672656552544F535C706F727461E8
:108D7000626C655C4D656D4D616E675C68656170C8
:108D80005F342E63000000004572726F723A202536
:108D9000732C2025640D0A00700100207C01002046
:108DA00000204FF0E02108618861064800684FF418
:108DB0007A71B0FBF1F0401E4FF0E02148610720CE
:108DC00008617047000000202DE9F04106460F467B
:108DD0002EB940F6C82211A119A0FBF737FB0025D8
:108DE000BFB1002412E01A4800EBC4004068B04252
:108DF00003D1174800EBC4050AE035B9144850F810
:108E0000340010B9124800EBC405641C082CEAD3E6
:108E100000BF0DB12F606E60BDE8F0812E2E5C2E7C
:108E20002E5C4D6964646C6577617265735C467233
:108E3000656552544F535C71756575652E6300000E
:108E40004572726F723A2025732C2025640D0A003A
:108E50006C0600202DE9F04105460E4617462C46CB
:108E6000FFF7A6FE94F94400401C10B9002084F8D6
:108E7000440094F94500401C10B9002084F84500D6
:108E8000FFF7E2FEA06B28B93A46314604F1240010
:108E900000F0DCF82046FFF740FABDE8F081000062
:108EA00070B50546FFF784FE15B92F48006800E04D
:108EB00028460446201DFFF70FFE78B9E06A00EB54
:108EC00080002A4951F8200040B994F82C10012064
:108ED000884027490968814325480160A06A18B184
:108EE00004F11800FFF7F8FD22480068401C2149F2
:108EF00008601D480068844209D1211D1E48FFF703
:108F00004BFE1E480068401C1C49086006E01C48D7
:108F10000068401E1A490860FFF762F9FFF794FEE7
:108F200011480068844202D02046FEF725FE15480D
:108F30000068C0B10C480068844214D1124800682F
:108F400008B9012000E0002028B940F2DC420FA15E
:108F500017A0FBF77BFA4FF0805019490860BFF368
:108F60004F8FBFF36F8F70BD10010020AC06002043
:108F7000280100203C010020680900201C0100207D
:108F8000200100202C0100204C0100202E2E5C2E00
:108F90002E5C4D6964646C6577617265735C4672C2
:108FA000656552544F535C7461736B732E6300009C
:108FB0004572726F723A2025732C2025640D0A00C9
:108FC00004ED00E003490968016003490968416054
:108FD00070470000380100202401002001200149D1
:108FE000086070473401002070B504460D462CB966
:108FF00040F61C4207A110A0FBF728FA12480168AE
:1090000018312046FFF7AEFD01212846FEF72EFC61
:1090100070BD00002E2E5C2E2E5C4D6964646C6564
:1090200077617265735C4672656552544F535C7428
:1090300061736B732E6300004572726F723A202564
:10904000732C2025640D0A001001002070B5044621
:109050000E4615462CB940F6524211A119A0FBF755
:10906000F5F960681B490968C8611A49826809688E
:109070000A621849096818318268516015490968FF
:1090800018318160134909688C622168491C21608C
:109090000DB14FF0FF3629463046FEF7E7FB70BDB5
:1090A0002E2E5C2E2E5C4D6964646C657761726552
:1090B000735C4672656552544F535C7461736B7395
:1090C0002E6300004572726F723A2025732C2025A2
:1090D000640D0A00100100201CB51B4800210B463E
:1090E0008022CDE9001019A11A4800F0B1FB044616
:1090F000012C02D100F05AFF0446012C15D100BF0B
:10910000502080F31188BFF34F8FBFF36F8F00BFE4
:109110004FF0FF301049086001201049086000201E
:109120000F49086000F0B8F80BE0601C08B101209E
:1091300000E0002028B94FF404620AA112A0FBF756
:1091400085F9154800681CBD4401002049444C4580
:1091500000000000317C0008400100202C010020AC
:10916000240100202E2E5C2E2E5C4D6964646C65FB
:1091700077617265735C4672656552544F535C74D7
:1091800061736B732E6300004572726F723A202513
:10919000732C2025640D0A00480100200248006855
:1091A000401C0149086070474C01002070B52848F8
:1091B000006818B101202749086048E000202549CF
:1091C000086025480068046B4FF0A5352068B0F1B1
:1091D000A53F0BD16068B0F1A53F07D1A068B0F101
:1091E000A53F03D1E068B0F1A53F05D01A4801685A
:1091F00034310068FFF795FC18480068B0FA80F039
:10920000C0F11F0404EB8400154951F8200008B197
:10921000012000E0002028B940F6024211A11AA066
:10922000FBF714F904EB84010D4A02EB810041685D
:109230004968416000F1080142688A4202D14168F0
:10924000496841604168C968034A116000BF70BD48
:109250004C010020340100201001002028010020D2
:10926000AC0600202E2E5C2E2E5C4D6964646C656D
:1092700077617265735C4672656552544F535C74D6
:1092800061736B732E6300004572726F723A202512
:10929000732C2025640D0A001CB550480068504905
:1092A000884201D0012000E0002028B940F243129A
:1092B0004CA15BA0FBF7CAF8484800684849491E22
:1092C000884201D0012000E0002028B94FF4A272AA
:1092D00044A153A0FBF7BAF8554C20460078019002
:1092E000FF20214608700846007800909DF8000095
:1092F00000F0F0009DF80010884201D1012000E04C
:10930000002028B940F25D1236A145A0FBF79EF877
:109310009DF8000000F050004649087007204649BB
:10932000086009E044480068401E434908609DF811
:1093300000004006000E00909DF8000000F0800044
:109340008028EFD03C480068C0F10700042801D114
:10935000012000E0002028B940F2711221A130A0C4
:10936000FBF774F834480068C0F10700042801D105
:10937000012000E0002028B94FF4BD7219A128A0F7
:10938000FBF764F82C48006800022B490860084687
:10939000008800F4E06008602549019808700F48D3
:1093A0002030006840F470000C4920310860084605
:1093B000006840F070400860FFF7F2FC00201F4991
:1093C0000860F6F711FF1E48006840F040401C4955
:1093D0000860F6F7F5FE00201CBD000000ED00E07F
:1093E00071C20F412E2E5C2E2E5C4D6964646C653B
:1093F00077617265735C4672656552544F535C7059
:109400006F727461626C655C525644535C41524D9C
:109410005F434D34465C706F72742E630000000031
:109420004572726F723A2025732C2025640D0A0054
:1094300000E400E0880100208C010020840100206D
:1094400034EF00E010B500BF502080F31188BFF367
:109450004F8FBFF36F8F00BF00F0B6FA18B14FF017
:1094600080500449086000BF002080F3118800BFCD
:1094700010BD000004ED00E02DE9F84305460E465E
:1094800017460024E5B1601EB0FBF5F0B04217D3DB
:1094900005FB06F010F1550F12D805FB06F909F18E
:1094A0005400FEF783FF04468CB1A04608F154082F
:1094B0003B464246314628460094FEF7CDFB06E087
:1094C0002CB94FF4E37203A10BA0FAF7BFFF2046BB
:1094D000BDE8F8832E2E5C2E2E5C4D6964646C65AD
:1094E00077617265735C4672656552544F535C7167
:1094F000756575652E6300004572726F723A20259E
:10950000732C2025640D0A002DE9F04105460E4616
:1095100001272C462CB94FF488722CA134A0FAF7FD
:1095200095FF002C42D0E06B00283FD04FF0FF3178
:10953000E06BB1FBF0F0216C884237D3FFF738FBCA
:10954000D4E90F12206801FB0200A0600020A06394
:1095500020686060E06B401E226C216800FB0211F5
:10956000E160FF2084F8440084F845009EB920693A
:1095700008B9012000E00020A8B904F1100000F0B3
:109580009FFB80B14FF080501D490860BFF34F8FA3
:10959000BFF36F8F07E004F11000FFF7D3FA04F177
:1095A0002400FFF7CFFAFFF74FFB00E000270FB1D1
:1095B000012000E0002028B940F2451203A10CA0D0
:1095C000FAF744FF3846BDE8F08100002E2E5C2EED
:1095D0002E5C4D6964646C6577617265735C46727C
:1095E000656552544F535C71756575652E63000057
:1095F0004572726F723A2025732C2025640D0A0083
:1096000004ED00E02DE9F74183B005460E464FF02A
:1096100000082C462CB940F251524CA154A0FAF744
:1096200015FF0EB9206C08B9012000E0002028B910
:1096300040F2555245A14EA0FAF708FF00F0AEF9EE
:1096400008B9059808B9012000E0002028B940F2C7
:109650005A523EA146A0FAF7F9FE00BFFFF7A8FA5A
:10966000A76BF7B131462046FEF732FA781EA063A9
:10967000206908B9012000E0002060B904F1100061
:1096800000F01EFB38B14FF080503D490860BFF339
:109690004F8FBFF36F8FFFF7D7FA012006B0BDE8F9
:1096A000F081059818B9FFF7CFFA0020F6E7B8F176
:1096B000000F04D101A8FFF785FC4FF00108FFF768
:1096C000C3FAFFF76BFDFFF773FA94F94400401CEF
:1096D00010B9002084F8440094F94500401C10B9EA
:1096E000002084F84500FFF7AFFA05A901A800F0B3
:1096F00049F8F0B92046FEF7DDFBA0B104F12400E3
:109700000599FFF771FC2046FEF707FE00F07EFB8F
:109710000028A3D14FF0805019490860BFF34F8F44
:10972000BFF36F8F9AE72046FEF7F7FD00F06EFB60
:1097300094E72046FEF7F1FD00F068FB2046FEF7B7
:10974000B9FB00288AD00020A8E700002E2E5C2E4E
:109750002E5C4D6964646C6577617265735C4672FA
:10976000656552544F535C71756575652E630000D5
:109770004572726F723A2025732C2025640D0A0001
:1097800004ED00E070B506460C462EB940F6FD42E9
:109790001FA128A0FAF75AFE2CB940F6FE421CA1E0
:1097A00024A0FAF753FEFFF703FA26480268706810
:1097B000131A2548006890F8590030B1002022495A
:1097C000096881F8590001251EE02068401C08B98D
:1097D000002519E01D4930680968884206D0706884
:1097E000904203D80125002020600DE020689842B7
:1097F00007D92068C01A20603046FFF7E3FB002538
:1098000002E0002020600125FFF71EFA284670BD07
:109810002E2E5C2E2E5C4D6964646C6577617265DA
:10982000735C4672656552544F535C7461736B731D
:109830002E6300004572726F723A2025732C20252A
:10984000640D0A00240100201001002038010020CE
:109850002DE9FF4F85B0804689461746DDE912ABFA
:10986000B800FEF7A3FD064656B15C20FEF79EFD4C
:1098700004460CB1266304E03046FFF725FA00E009
:1098800000247CB10020CDE900ABCDE902403A468E
:1098900049464046089BFEF7F7F92046FEF74CF88C
:1098A000012501E04FF0FF35284609B0BDE8F08FF3
:1098B0002DE9F04704460F464FF000092CB940F25D
:1098C000F14226A12EA0FAF7C1FD0FB1012000E060
:1098D000002028B940F2F24220A129A0FAF7B6FDF3
:1098E0002B48006808B9012000E0002028B940F2A8
:1098F000F3421AA122A0FAF7A9FDFFF74FFC254871
:1099000006682068C5192068B04207D92068A842B7
:109910000BD9B54209D94FF0010906E02068A842E9
:1099200001D8B54201D94FF001092560B9F1000F06
:1099300003D0A81B0021FDF799FF00F067FA8046CD
:10994000B8F1000F07D14FF0805013490860BFF302
:109950004F8FBFF36F8F4846BDE8F0872E2E5C2EE9
:109960002E5C4D6964646C6577617265735C4672E8
:10997000656552544F535C7461736B732E630000C2
:109980004572726F723A2025732C2025640D0A00EF
:109990004C0100202401002004ED00E00549096885
:1099A00009B9012005E00449096809B9022000E06D
:1099B000002070472C0100204C010020014908685C
:1099C00070470000240100202DE9F0414FF000080D
:1099D0005F48006800287DD15E480068451C5D48EE
:1099E0000560002D1DD15C480068006808B90120A1
:1099F00000E0002028B940F6C72258A160A0FAF77D
:109A000025FD55480768624800685349086060486A
:109A1000076060480068401C5E490860FEF7E0FB94
:109A200000BF5D480068854277D300BF4A480068A0
:109A3000006808B9012000E0002020B14FF0FF309D
:109A40005549086068E044480068C068C4686668B2
:109A5000B54202D2504806605EE06069D4E9021265
:109A60008A60D4E902214A60211D42688A4201D1FC
:109A7000E1684160002262610168491E0160A06ADC
:109A800098B1A06AD4E907128A60D4E907214A6034
:109A900004F1180142688A4201D1216A4160002222
:109AA000A2620168491E016000BF94F82C100120D9
:109AB00088403A490968084338490860E16A01EB7F
:109AC0008101374A02EB81014868A0608268E26048
:109AD000211D00E033E0826851608160E16A01EBA2
:109AE00081012F4A02EB81026261E16A01EB81018F
:109AF0002B4A52F82110491CE26A02EB8202284BE1
:109B000043F822102749E06A0968C96A88428DD360
:109B10004FF001088AE700E000BF22480068C06AF1
:109B200000EB80001E4951F82000012801D94FF0B8
:109B300001081D48006808B14FF0010804E01B4807
:109B40000068401C194908604046BDE8F0810000EB
:109B50004C01002024010020140100202E2E5C2E38
:109B60002E5C4D6964646C6577617265735C4672E6
:109B7000656552544F535C7461736B732E630000C0
:109B80004572726F723A2025732C2025640D0A00ED
:109B90001801002038010020400100202801002089
:109BA000AC0600201001002034010020300100200C
:109BB00070B505462C460026002D5ED03048006862
:109BC000844201D1012000E0002028B941F24F0277
:109BD0002CA135A0FAF73AFC206D28B941F25002C9
:109BE00028A131A0FAF732FC206D401E2065E16CFF
:109BF000E06A884241D0206D00283ED1201DFEF74A
:109C00006BFF40B994F82C10012088402A4909685C
:109C1000814329480160E06CE062E06AC0F1200005
:109C2000A06194F82C10012088402349096808435A
:109C300021490860E16A01EB8101204A02EB8101C0
:109C40004868A0608268E260211D8268516081607E
:109C5000E16A01EB8101194A02EB81026261E16A6A
:109C600001EB8101154A52F82110491CE26A02EB0E
:109C70008202124B43F822100126304670BD0000CC
:109C8000100100202E2E5C2E2E5C4D6964646C65E4
:109C900077617265735C4672656552544F535C74AC
:109CA00061736B732E6300004572726F723A2025E8
:109CB000732C2025640D0A0028010020AC0600202A
:109CC00070B50646F068C4682CB940F682423CA1E3
:109CD00044A0FAF7BBFBA06AD4E907128A60D4E972
:109CE00007214A6004F1180142688A4201D1216AC1
:109CF00041600022A2620168491E01603D4800687F
:109D000000283DD16069D4E902128A60D4E90221B9
:109D10004A60211D42688A4201D1E1684160002207
:109D200062610168491E016094F82C10012088408E
:109D300031490968084330490860E16A01EB810153
:109D40002E4A02EB81014868A0608268E260211D12
:109D5000826851608160E16A01EB8101274A02EB70
:109D600081026261E16A01EB8101244A52F821100B
:109D7000491CE26A02EB8202204B43F8221010E0F9
:109D80001F494868E0618268226204F11801826814
:109D9000516081601A4AA26211460968491C11602B
:109DA00000BF1849E06A0968C96A884204D90125D8
:109DB00001201549086000E00025284670BD00001C
:109DC0002E2E5C2E2E5C4D6964646C657761726525
:109DD000735C4672656552544F535C7461736B7368
:109DE0002E6300004572726F723A2025732C202575
:109DF000640D0A004C01002028010020AC06002060
:109E000054090020100100203401002070B5002406
:109E100000265048006828B940F6B3024EA157A06A
:109E2000FAF714FBFEF7C4FE4A480068401E494991
:109E300008600846006800287ED154480068002861
:109E40007AD05BE05248C068C468A06AD4E90712BF
:109E50008A60D4E907214A6004F1180142688A4205
:109E600001D1216A41600022A2620168491E01609D
:109E70006069D4E902128A60D4E902214A60211D96
:109E800042688A4201D1E168416000226261016852
:109E9000491E016094F82C10012088403D49096852
:109EA00008433C490860E16A01EB81013A4A02EB50
:109EB00081014868A0608268E260211D826851606B
:109EC0008160E16A01EB8101334A02EB8102626148
:109ED000E16A01EB8101304A52F82110491CE26A23
:109EE00002EB82022C4B43F822102C49E06A0968ED
:109EF000C96A884202D301202949086024480068C1
:109F000008B9012000E0002000289BD00CB1FEF72A
:109F100067F92448056865B100BFFFF755FD10B12A
:109F200001201F4908606D1E002DF6D100201D493B
:109F300008601B48006800E008E038B101263007DF
:109F400019490860BFF34F8FBFF36F8FFEF77CFE98
:109F5000304670BD4C0100202E2E5C2E2E5C4D69CB
:109F600064646C6577617265735C467265655254B2
:109F70004F535C7461736B732E6300004572726F94
:109F8000723A2025732C2025640D0A002001002040
:109F90005409002028010020AC06002010010020F8
:109FA000340100203001002004ED00E01CB5002445
:109FB000FDF738FD0B48006858B10B481F210023FE
:109FC0004FF48072CDE9001008A10A48FFF740FC69
:109FD00004462CB940F2191207A110A0FAF736FA7C
:109FE00020461CBD580100205C010020546D7220E9
:109FF00053766300018300082E2E5C2E2E5C4D6983
:10A0000064646C6577617265735C46726565525411
:10A010004F535C74696D6572732E63004572726F85
:10A02000723A2025732C2025640D0A0000000000E0
:10A0300000000000010203040607080900000000F8
:10A04000010203040006101600061016C82E002E8A
:10A05000802E3DB1C82E002E802E9103802EBCB0E4
:10A06000802EA303C82E002E802E00B05030212E4B
:10A0700059F51030212E6AF5802E3B0300000000B8
:10A08000081901002200750000100010D100B34330
:10A09000802E00C1802E00C1802E00C1802E00C104
:10A0A000802E00C1802E00C1802E00C1802E00C1F4
:10A0B000802E00C1802E00C1802E00C1802E00C1E4
:10A0C000802E00C1802E00C1802E00C1802E00C1D4
:10A0D000802E00C1802E00C1802E00C1802E00C1C4
:10A0E000802E00C1802E00C1802E00C1802E00C1B4
:10A0F000802E00C1802E00C1802E00C1802E00C1A4
:10A10000802E00C1802E00C1802E00C1802E00C193
:10A11000802E00C1802E00C1802E00C1802E00C183
:10A12000802E00C1802E00C1802E00C1802E00C173
:10A13000802E00C1802E00C1E05F00000000010001
:10A14000000000000000000000009200000000007D
:10A1500000000000000000000000000008190000DE
:10A16000880000000000000005E0AA3805E09030FB
:10A17000FA0096004B091100110002002D01D47B5A
:10A180003B01DB7A04003F7BCD6CC3048509C3042B
:10A19000ECE60C460100270019009600A000010023
:10A1A0000C00F03C00010100030001000E00000063
:10A1B00032000500EE060400C80000000400A805F7
:10A1C000EE060004BC02B30085070000000000009A
:10A1D0000000000000000000000000000000B400CB
:10A1E0000100B9000100980000000000000000001C
:10A1F00001008000040000000000000000000000DA
:10A20000000000000000000000000000000000004E
:10A21000000000000000000000000000000000003E
:10A22000000000000000000000000000000000002E
:10A23000000000000000000000000000000000001E
:10A24000000000000000802E00C1FD2DDE00EB00AC
:10A25000DA00000CFF0F0004C0005BF5C9011EF21C
:10A2600080003FFF19F458F566F564F5C0F1F00081
:10A27000E000CD01D301DB01FF7FFF01E40074F7B3
:10A28000F300FA00FF3FCA036C3856FE44FDBC02DF
:10A29000F90600FC1202AE0158FA9AFD7705BB02DE
:10A2A000960195017F0182018901870188018A0158
:10A2B0008C018F018D0192019101DD009F017E01D2
:10A2C000DB00B601706926D39C071F059D000008BE
:10A2D000BC0537FAA201AA01A101A801A001A805A5
:10A2E000B401B401CE00D000FC00C501FFFBB100F9
:10A2F00000380030FDF5FCF5CD01A0005FFF004007
:10A30000FF0000806D0FEB007FFFC2F568F7B3F12F
:10A31000670F5B0F610F800F58F75BF7830F8600A5
:10A32000720F850FC6F17F0F6CF700E000FFD1F5CB
:10A33000870F8A0FFF03F03F8B008E009000B9005B
:10A340002DF5CAF5CB0120F200000000000000004E
:10A3500000000000000000000000000000000000FD
:10A3600000000000000000000000000000000000ED
:10A3700000000000000000000000000000000000DD
:10A3800000000000000000000000000000000000CD
:10A3900000000000000000000000000000000000BD
:10A3A00000000000000000000000000000000000AD
:10A3B000000000000000000000000000000000009D
:10A3C000000000000000000000000000000000008D
:10A3D000000000000000000000000000000000007D
:10A3E000000000000000000000000000000000006D
:10A3F000000000000000000000000000000000005D
:10A40000000000000000000000000000000000004C
:10A41000000000000000000000000000000000003C
:10A42000000000003050982ED70E5032982EFA03BC
:10A430000030F07F002E002ED02E002E018008A2CA
:10A44000FB2F982EBA03212E1900012EEE0000B228
:10A45000072F012E190000B2032F01500352982E2E
:10A4600007CC012EDD0000B2272F052E8A000552F1
:10A47000982EC7C1032EE90040B2F07F082F012EAD
:10A48000190000B2042F0030212EE900982EB4B13B
:10A49000012E180000B2102F0550982E4DC3055004
:10A4A000982E5AC7982EF9B4982E54B2982E67B6A3
:10A4B000982E17B21030212E7700012EEF0000B237
:10A4C000042F982E7AB70030212EEF00012ED400F1
:10A4D00004AE0B2F012EDD0000B2072F0552982E7F
:10A4E0008E0E00B2022F1030212E7D00012E7D0035
:10A4F0000090902EF102012ED70000B2042F982E6A
:10A500002F0E0030212E7B00012E7B0000B2122F77
:10A51000012ED4000090022F982E1F0E092D982E88
:10A52000810D012ED4000490022F5032982EFA0390
:10A530000030212E7B00012E7C0000B2902E0903FA
:10A54000012E7C000131010800B2042F982E47CB68
:10A550001030212E77008130012E7C00010800B2DE
:10A56000612F032E8900012ED40098BC98B805B243
:10A570000F58232F079009540030372F15410441FD
:10A58000DCBE44BEDCBA2C0161000F564A0F0C2F12
:10A59000D14294B8C1421130052E6AF72CBD2FB9B3
:10A5A00080B20822982EC3B7212D6130232ED4000B
:10A5B000982EC3B70030212E5AF5182DE17F503068
:10A5C000982EFA030F520750504270300D544242F9
:10A5D0007E82E26F80B24242052F212ED4001030DD
:10A5E000982EC3B7032D6030212ED400012ED40045
:10A5F0000690182F012E76000B540752E07F982EFC
:10A600007AC1E16F081A4030082F212ED400203083
:10A61000982EAFB75032982EFA03052D982E380E8B
:10A620000030212ED4000030212E7C00182D012E68
:10A63000D40003AA012F982E450E012ED4003F808E
:10A6400003A2012F002E022D982E5B0E3030982E83
:10A65000CEB70030212E7D005032982EFA03012E05
:10A66000770000B2242F982EF5CB032ED50011547D
:10A67000010ABC848386212EC901E0401352C440E4
:10A680008240A8B9524243BE5342040A5042E17F7D
:10A69000F0314140F26F25BD0808020AD07F982EA4
:10A6A000A8CF06BCD16FE26F080A8042982E58B737
:10A6B0000030212EEE00212E7700212EDD00802E8D
:10A6C000F4011A242200802EEC011050FB7F982EFA
:10A6D000F3035750FB6F013071541142420EFC2FAF
:10A6E000C02E0142F05F802E00C1FD2D0100000050
:10A6F00000000000000000009A0134030000000088
:10A700000000000000000000000000000000000049
:10A710000000000000000000000000000000000039
:10A720000000000000000000000000000000000029
:10A730000000000000000000000000000000000019
:10A740000000000000000000000000000000000009
:10A7500000000000000000000000000000000000F9
:10A760000000000000000000000000000000205079
:10A77000E77FF67F06320F2E61F5FE09C0B3042F86
:10A7800017302F2EEF002D2E61F5F66FE76FE05F8B
:10A79000C82E2050E77FF67F46300F2EA4F1BE0969
:10A7A00080B3062F0D2ED40084AF022F16302D2E2D
:10A7B0007B0086302D2E60F5F66FE76FE05FC82EC8
:10A7C000012E77F709BC0FB800B21050FB7F103094
:10A7D0000B2F032E8A0096BC9FB840B2052F032E84
:10A7E00068F79EBC9FB840B2072F032E7E004190B1
:10A7F000012F982EDC03032C0030212E7E00FB6FEE
:10A80000F05FB82E2050E07FFB7F002E2750982E5F
:10A810003BC82950982EA7C80150982E55CCE16FFF
:10A820002B50982EE0C9FB6F0030E05F212E7E0098
:10A83000B82E7350013057541142420EFC2FB82EDF
:10A84000212E59F51030C02E212E4AF19050F77F5D
:10A85000E67FD57FC47FB37FA17F907F827F7B7FA0
:10A86000982E35B700B2902E97B0032E8F00072E8A
:10A870009100052EB1003FBA9FB8012EB100A3BDD3
:10A880004C0A052EB10004BEBFB9CB0A4FBA22BD97
:10A89000012EB300DC0A2FB9032EB8000ABE9A0AB3
:10A8A000CFB99BBC012E97009FB8930A0FBC910AA9
:10A8B0000FB8900A252E1800052EC1F52EBD2EB911
:10A8C000012E190031308A040090072F012ED40088
:10A8D00004A2032F012E180000B20C2F19500552AC
:10A8E000982E4DB7052E780080901030012F212E24
:10A8F0007800252EDD00982E3EB700B202300130E0
:10A90000042F012E190000B2002F2130012EEA0081
:10A91000081A0E2F232EEA0033301B500B0901407A
:10A92000175646BE4B084C0A01420A801552014296
:10A93000002E012E180000B21F2F032EC0F5F0309C
:10A94000480847AA7430072E7A0061224B1A052F57
:10A95000072E66F5BFBDBFB9C0900B2F1D562B301B
:10A96000D242DB420104C24204BDFE808184232E18
:10A970007A0002420232252E62F5052ED60081842D
:10A98000252ED6000231252E60F5052E8A000B50AB
:10A99000900880B20B2F052ECAF5F03E9008252EA8
:10A9A000CAF5052E59F5E03F9008252E59F5906F10
:10A9B000A16FB36FC46FD56FE66FF76F7B6F826F58
:10A9C000705FC82EC050907FE57FD47FC37FB17F7A
:10A9D000A27F877FF67F7B7F002E012E60F5607F50
:10A9E000982E35B70230636F1552507F627F5A2C14
:10A9F00002321A0900B3142F00B2032F092E1800D7
:10AA000000910C2F437F982E97B71F50028A023275
:10AA10000430252E64F51552506F436F4443252EA4
:10AA200060F5D908C0B2362F982E3EB700B2062F77
:10AA3000012E190000B2022F506F00900A2F012E34
:10AA400079000090192F1030212E79000030982EB7
:10AA5000DC03132D012EC3F50CBC0FB8123010040B
:10AA600003B0262521500352982E4DB71030212EC9
:10AA7000EE000230607F252E7900606F0090052F78
:10AA80000030212EEA001550212E64F51552232E98
:10AA900060F50232506F0090022F0330272E7800AD
:10AAA000072E60F51A090091A32F19090091A02F14
:10AAB000906FA26FB16FC36FD46FE56F7B6FF66F4E
:10AAC000876F405FC82EC050E77FF67F26300F2E7D
:10AAD00061F52F2E7C000F2E7C00BE09A27F807FA7
:10AAE00080B3D57FC47FB37F917F7B7F0B2F2350B3
:10AAF0001A251240427F74821240527F002E00407D
:10AB0000607F982E6AD68130012E7C00010800B249
:10AB1000422F032E8900012E890097BC06BC9FB8E6
:10AB20000FB80090232ED800103001302A2F032EAA
:10AB3000D40044B2052F47B200302D2F212E7C00C7
:10AB40002B2D032EFDF59EBC9FB84090142F032E95
:10AB5000FCF599BC9FB840900E2F032E49F1255467
:10AB60004A084090082F982E35B700B21030032FB6
:10AB70005030212ED400102D982EAFB70030212E4A
:10AB80007C000A2D052E69F72DBD2FB980B2012F4B
:10AB9000212E7D00232E7C00E031212E61F5F66F01
:10ABA000E76F806FA26FB36FC46FD56F7B6F916FCC
:10ABB000405FC82E60510A253688F47FEB7F003253
:10ABC000315232301330982E15CB0A253384D27F80
:10ABD000433005502D52982E95C1D26F2752982E92
:10ABE000D7C72A25B086C07FD37FAF842950F16FA5
:10ABF000982E4DC82A25AE8AAA88F26E2B50C16FB6
:10AC0000D36FF47F982EB6C8E06E00B2322F335463
:10AC10008386F16FC37F04303030F47FD07FB27F02
:10AC2000E330C56F56404541280803140EB408BCF4
:10AC30008240100A2F542605917F4428A37F982E26
:10AC4000D9C008B933305309C16FD36FF46F83177C
:10AC500047406C15B26FBE09750B90424542510ECC
:10AC600032BC0289A16F7E86F47FD07FB27F043030
:10AC7000916FD62FEB6FA05EB82E032E97001BBCF2
:10AC800060509FBC0CB8F07F40B2EB7F2B2F032E9F
:10AC90007F004140012EC800011A112F3758232E82
:10ACA000C8001041A07F38810141D07FB17F982E2C
:10ACB00064CFD06F0780A16F1142002EB16F0142A7
:10ACC0001130012EFC0000A80330CB224A25012EB2
:10ACD0007F003C8935520554982EC4CEC16FF06F69
:10ACE000982E95CF042D0130F06F982E95CFEB6FF5
:10ACF000A05FB82E032EB3000232F0300331305083
:10AD00008A080808CB08E07F80B2F37FDB7F252F1D
:10AD1000032ECA004190042F0130232ECA00982E22
:10AD20003F03C0B2052F032EDA0000304104232E6A
:10AD3000DA00982E92B21025F06F00B2052F012E86
:10AD4000DA0002301004212EDA0040B2012F232E47
:10AD5000C801DB6FE06FD05F802E95CF0130E06FD0
:10AD6000982E95CF1130232ECA00DB6FD05FB82EFE
:10AD7000D0500A2533845550D27FE27F038CC07FA8
:10AD8000BB7F0030055A39545141A57F967F807FA3
:10AD9000982ED9C00530F57F2025916F3B583D5C3A
:10ADA0003B56982E67CCC16FD56F52405043C17F40
:10ADB000D57F1025982EFEC91025982E74C0866F59
:10ADC0003028926F828CA56F6F52690E3954DB2F39
:10ADD00019A01530032F0030212E81010A2D012EDC
:10ADE000810105284236212E8101020E012F982E65
:10ADF000F303575012300140982EFEC9516F0B5C7F
:10AE00008E0E3B6F57580230212E9501456F2A8DCB
:10AE1000D27FCB7F132F02303F50D27FA80E0E2F50
:10AE2000C06F535402005154420E10305952023038
:10AE3000012F002E032D504242421230D27F80B2A9
:10AE4000032F0030212E8001122D012EC900028017
:10AE5000052E8001113091280040252E8001100E12
:10AE6000052F012E7F010190012F982EF303002E54
:10AE7000A0410190A67F902EE3B4012E950100A879
:10AE8000902EE3B45B549580824080B202402D8CBA
:10AE90003F52967F902EC2B3290E762F012EC90005
:10AEA000004081284552B330982E0FCA5D54807FF0
:10AEB000002EA140727F82808240607F982EFEC962
:10AEC0001025982E74C0626F05308740C091043001
:10AED000052F052E830180B21430002F0430052E7B
:10AEE000C900736F8140E2406904110FE1401630E0
:10AEF000FE29CB40022F836F830F222F4756130F5B
:10AF00001230772F4954420E1230732F00910A2FBE
:10AF1000012E8B0119A802306C2F6350002E1742AE
:10AF20000542682C12300B25080F5030022F212EBD
:10AF30008301032D4030212E83012B2E85015A2CB5
:10AF4000123000912B25042F635002301742172C2A
:10AF50000242982EFEC91025982E74C0052EC900F5
:10AF600081845B308240372E8301020E072F5F52AF
:10AF7000403062404140910E012F212E8301053067
:10AF80002B2E85011230362C16301525817F982EF8
:10AF9000FEC91025982E74C019A21630152F052E43
:10AFA0009701806F820E052F012E86010628212E23
:10AFB00086010B2D032E87015F544E289142002EEF
:10AFC0008240900E012F212E88010230132C053073
:10AFD000C06F081CA80F163005305B50092F028087
:10AFE0002D2E820105420580002E02423E80002E59
:10AFF00006420230906F3E88014004414C280142D5
:10B00000078010252440004000A8F522232944424F
:10B010007A827E884340044100ABF523DF28434217
:10B02000D9A0142F0090022FD26F81B2052F635444
:10B03000062890428542092C02305B500380292E5D
:10B040007E012B2E8201054212302B2E8301458278
:10B05000002E40407A8202A0082F63503B301542F8
:10B0600005423780372E7E0105421230012EC9007D
:10B07000028C404084417A8C040F032F012E8B01F7
:10B0800019A4042F2B2E8201982EF30312308190E5
:10B090006152082F654265424380398482880542A7
:10B0A000454285420543002E80410090902EE1B438
:10B0B0006554C16F804000B243586950442F555CBD
:10B0C000B7878C0F0D2E9601C440362F41568B0E3C
:10B0D0002A2F0B52A10E0A2F052E8F011425982E10
:10B0E000FEC94B54020F695005306554152F032ECD
:10B0F0008E014D5C8E0F3A2F052E8F01982EFEC9C2
:10B100004F54820F053069506554302F6D52153001
:10B11000428C454204302B2C84436B52428C002ECF
:10B1200085431530242C45428E0F202F0D2E8E0185
:10B13000B10E1C2F232E8E011A2D0E0E172FA10FCC
:10B14000152F232E8D01132D982E74C04354C20E3B
:10B150000A2F655004800B3006820B4279804140F3
:10B160001230252E8C0101420530695065548482CD
:10B170004384BE8C8440864126299442BE8ED57F6E
:10B1800019A143400B2E8C018440C7415D2927291A
:10B1900045428442C27F012FC0B31D2F052E94016A
:10B1A00099A0012F80B3132F80B3182FC0B3162F8F
:10B1B00012400140927F982E74C0926F100F203081
:10B1C000032F1030212E7E010A2D212E7E01072D06
:10B1D0002030212E7E01032D1030212E7E01C26FE2
:10B1E000012EC900BC84028082400040900ED56FC1
:10B1F000022F1530982EF30341910530072F675029
:10B200003D802B2E8F0105420480002E0542022C2A
:10B2100000300030A26F988A864080A7052F982EB4
:10B22000F303C030212E950106251A25E26F7682A0
:10B2300096405643510EFB2FBB6F305FB82E012E48
:10B24000B8000131410840B22050F2300208FB7FC3
:10B250000130102F052ECC008190E07F032F232E8C
:10B26000CC00982E55B6982E1DB51025FB6FE06FBB
:10B27000E05F802E95CF982E95CF1030212ECC00F8
:10B28000FB6FE05FB82E00510558EB7F2A258952ED
:10B290006F5A895013410640B3011642CB1606403F
:10B2A000F3021342650EF52F054014302C29044299
:10B2B00008A10030902E52B6B388B08AB684A47F1D
:10B2C000C47FB57FD57F927F7330043055404240B4
:10B2D0008A17F3086B01900253B84B82ADBE717FA1
:10B2E000450A0954847F982ED9C0A36F7B54D0425D
:10B2F000A37FF27F607F2025716F755A7758795C44
:10B300007556982E67CCB16F626F5042B17FB330E3
:10B310001025982E0FCA846F2029716F926FA56F28
:10B3200076826A0E73300030D02FD26FD17FB47F17
:10B33000982E2BB715BD0BB8020AC26FC07F982E8E
:10B340002BB715BD0BB8420AC06F081741188916F4
:10B35000E118D018A17F27251625982E79C08B5487
:10B36000907FB330824080900D2F7D52926F982E47
:10B370000FCAB26F900E062F8B501430426F516F70
:10B38000144212420142002E316F982E74C0416F58
:10B39000807F982E74C0826F10044352010F052ED7
:10B3A000CB0000300430212F516F43588C0E0430F5
:10B3B0001C2F8588416F04418C0F0430162F848820
:10B3C000002E044104058C0E04300F2F8288316F4B
:10B3D000044104058C0E0430082F8388002E04419C
:10B3E0008C0F0430022F212EAD0114300091142F48
:10B3F000032EA10141900E2F032EAD0114304C28D5
:10B40000232EAD0146A0062F81848D5248828240B2
:10B41000212EA10142425C2C0230052EAA0180B2ED
:10B420000230552F032EA901926FB330982E0FCA08
:10B43000B26F900F003002304A2FA26F87529100F6
:10B440008552510E022F002E432C0230C26F7F52C4
:10B45000910E02303C2F516F8154982EFEC9102559
:10B46000B3302125982E0FCA326FC07FB33012251A
:10B47000982E0FCA426FB07FB3301225982E0FCA94
:10B48000B26F90288352982EFEC9C26F900F003081
:10B4900002301D2F052EA10180B212300F2F426FF6
:10B4A000032EAB01910E0230122F526F032EAC010E
:10B4B000910F02300C2F212EAA010A2C1230032EDC
:10B4C000CB008D580889414011430043252EA1012E
:10B4D000D46F8F5200433A89002E10431043610EFF
:10B4E000FB2F032EA001111A022F0225212EA001ED
:10B4F000EB6F005FB82E91521030023095565242D9
:10B500004B0EFC2F8D54888293568042534240420A
:10B5100042868354C02EC242002EA3520051524094
:10B5200047401A25012E97008FBE7286FB7F0B3095
:10B530007CBFA5501008DFBA7088F8BFCB42D37F1C
:10B540006CBBFCBBC50A907F1B7F0B43C0B2E57F81
:10B55000B77FA67FC47F902E1CB7072ED200C0B243
:10B560000B2F9752012ECD00827F982EBBCC0B3033
:10B57000372ED200826F906F1A2500B28B7F142F66
:10B58000A6BD25BDB6B92FB980B2D4B00C2F995441
:10B590009B560B300B2EB100A1589B42DB426C092D
:10B5A0002B2EB1008B42CB42867F7384A756C308F3
:10B5B00039520550727F637F982EC2C0E16F626F6F
:10B5C000D10A012ECD00D56FC46F726F97529D5C6A
:10B5D000982E06CD236F906F9952C0B204BD54408F
:10B5E000AFB94540E17F0230062FC0B20230032FD1
:10B5F0009B5C12309443854303BF6FBB80B3202F05
:10B60000066F2601166F6E034542C090292ECE00AC
:10B610009B52142F9B5C002E93418641E304AE079E
:10B6200080AB042F80910A2F866F730F072F836FD3
:10B63000C0B2042F544245421230042C1130022C67
:10B640001130113002BC0FB8D27F00B20A2F012E88
:10B65000FC00052EC701101A022F212EC701032D51
:10B66000022C01300130B06F982E95CFD16FA06FB2
:10B67000982E95CFE26F9F52012ECE00824050420D
:10B680000C2C42421130232ED2000130B06F982E84
:10B6900095CFA06F0130982E95CF002EFB6F005FE5
:10B6A000B82E838601300030944024180600530ED3
:10B6B0004F02F92FB82EA952002E604041400DBC18
:10B6C00098BCC02E010A0FB8AB52533C52404040C8
:10B6D0004B00821626B901B84140100897B80108FE
:10B6E000C02E11300108438625400440D8BE2C0BE3
:10B6F0002211544203804B0EF62FB82E9F5010504B
:10B70000AD52052ED300FB7F002E13409342410E15
:10B71000FB2F982EA5B7982E87CF012ED90000B207
:10B72000FB6F0B2F012E69F7B13F01080130F05F6D
:10B73000232ED900212E69F7802E7AB7F05FB82E1C
:10B74000012EC0F8032EFCF51554AF5682080B2EBF
:10B7500069F7CB0AB1588090DDBE4C085FB9592219
:10B760008090072F0334C308F23A0A080235C090CC
:10B770004A0A4822C02E232EFCF51050FB7F982E3B
:10B7800056C7982E49C31030FB6FF05F212ECC00B6
:10B79000212ECA00B82E032ED30016B802344A0C4C
:10B7A000212E2DF5C02E232ED30003BC212ED50033
:10B7B000032ED50040B21030212E77000130052F26
:10B7C000052ED8008090012F232E6FF5C02E212E3C
:10B7D000D90011308108012E6AF7713F23BD01089D
:10B7E000020AC02E212E6AF730250030212E5AF58C
:10B7F0001050212E7B00212E7C00FB7F982EC3B79A
:10B800004030212ED400FB6FF05F0325802EAFB7B0
:10B81000802E00C1802E00C1802E00C1802E00C16C
:10B82000802E00C1802E00C1802E00C1802E00C15C
:10B83000802E00C1802E00C1802E00C1802E00C14C
:10B84000802E00C1802E00C1802E00C1012E5DF728
:10B8500008BC80AC0EBB022F003041048206C0A49D
:10B860000030112F40A9032F40910D2F00A70B2F5F
:10B8700080B3B358022F90A126132023809010305C
:10B88000012FCC0E002F0030B82EB550180808BC80
:10B8900088B60D17C6BD56BCB758DABA04011D0AE2
:10B8A0001050053032254503FB7FF6302125982EB8
:10B8B00037CA16B59ABC06B880A8410A0E2F8090E8
:10B8C000022F2D50480F092FBFA0042FBF90062F25
:10B8D000B754CA0F032F002E022CB7522D52F23349
:10B8E000982ED9C0FB6FF137C02E0108F05FBF560C
:10B8F000B954D040C4400B2EFDF3BF529042944245
:10B9000095420530C1500F88064004419642C54219
:10B9100048BE73300D2ED8004FBA8442034281B323
:10B92000022F2B2E6FF5062D052E77F7BD569308A7
:10B93000252E77F7BB54252EC2F5072EFDF3423096
:10B94000B433DA0A4C00272EFDF34340D43FDC0821
:10B950004342002E002E43402430DC0A4342048040
:10B96000032EFDF34A0A232EFDF36134C02E01425B
:10B97000002E60501A257A86E07FF37F0325C3529C
:10B980004184DB7F3330982E16C21A257D82F06FFA
:10B99000E26F322516409440260185408E17C4423E
:10B9A0006E039542410EF42FDB6FA05FB82EB051AD
:10B9B000FB7F982EE80D5A25982E0F0ECB58328714
:10B9C000C47F65896B8DC55A657FE17F837FA67FC4
:10B9D000747FD07FB67F947F1730C752C954517F90
:10B9E000002E856F427F002E514145814241134018
:10B9F0003B8A00404B04D006C0AC857F022F02304A
:10BA00005104D306418405305D02C916DF08D30016
:10BA10008D02AFBCB1B9590A656F1143A1B452414F
:10BA200053410143347F657F2631E56FD46F982EF3
:10BA300037CA326F756F83404241237F127FF630E1
:10BA400040255125982E37CA146F2005706F256F39
:10BA50006907A26F316F0B3004429B428B42554203
:10BA6000327F40A9C36F717F0230D040C37F032F64
:10BA70004091152F00A7132F00A4112F84BD982EDD
:10BA800079CA556FB75454418200F33F4541CB0208
:10BA9000F630982E37CA356FA46F4143032C00430C
:10BAA000A46F356F1730426F516F9340428200414F
:10BAB000C3000343517F002E944041414C02C46FA8
:10BAC000D156630E746F5143A57F8A2F092ED8007B
:10BAD00001B3212FCB58906F1341B66FE47F002E36
:10BAE0009141144092411540172E6FF5B67FD07FDB
:10BAF000CB7F982E000C0715C26F140B292E6FF503
:10BB0000C3A3C18FE46FD06FE62F1430052E6FF5FD
:10BB1000140B292E6FF5182DCD560432B56F1C016C
:10BB200051415241C340B57FE47F982E1F0CE46F12
:10BB3000218700430432CF545A0EEF2F1554092E9B
:10BB400077F7220B292E77F7FB6F505EB82E105037
:10BB5000012ED40000B2FB7F512F01B2482F02B258
:10BB6000422F0390562FD752798042408184004063
:10BB70004242982E930CD954D750A14098BD824090
:10BB80003E82DA0A44408B16E3005342002E4340C3
:10BB90009A025242002E414015544A0E3A2F3A82E0
:10BBA00000304140212E850F40B20A2F982EB10C53
:10BBB000982E450E982E5B0EFB6FF05F0030802EA6
:10BBC000CEB7DD52D35442424F847330DB528342AE
:10BBD0001B306B422330272ED700372ED400212E66
:10BBE000D6007A84172C42423030212ED400122DF8
:10BBF00021300030232ED400212E7BF70B2D17305F
:10BC0000982E510CD5500C8272302F2ED400252E38
:10BC10007BF74042002EFB6FF05FB82E70500A2574
:10BC20003986FB7FE1326230982EC2C4B556A56FCB
:10BC3000AB08916F4B08DF56C46F23094DBA93BC14
:10BC40008C0BD16F0B09CB52E15E5642AF094DBA56
:10BC500023BD940AE56F68BBEB08BDB963BEFB6FFB
:10BC60005242E30AC02E4342905FD150032E25F387
:10BC7000134000409BBC9BB408BDB8B998BCDA0A1D
:10BC800008B68916C02E190062021050FB7F982E4C
:10BC9000810D012ED40031300804FB6F0130F05FBC
:10BCA000232ED600212ED700B82E012ED700032E2A
:10BCB000D600480E012F802E1F0EB82EE3502134DF
:10BCC00001428230C132252E62F50100223001404E
:10BCD0004A0A0142B82EE354F03B8340D808E552AB
:10BCE0008342003083305042C432272E64F59400E2
:10BCF00050424042D33F84407D82E3084042834229
:10BD0000B82EDD52003040427C86B952092E700FA9
:10BD1000BF54C442D3865440554094428542212E9C
:10BD2000D7004240252EFDF3C0427E82052E7D00C5
:10BD300080B2142F052E890027BD2FB98090022FC5
:10BD4000212E6FF50C2D072E710F14301C09052EB6
:10BD500077F7BD5647BE9308940A252E77F7E75428
:10BD600050424A0EFC2FB82E505002304386E55008
:10BD7000FB7FE37FD27FC07FB17F002E4140004038
:10BD80004804982E74C01EAAD36F1430B16FE322FA
:10BD9000C06F5240E46F4C0E1242D37FEB2F032E44
:10BDA000860F40901130032F232E860F022C003077
:10BDB000D06FFB6FB05FB82E4050F17F0A253C86F4
:10BDC000EB7F41332230982EC2C4D36FF430DC09AC
:10BDD0004758C26F9409EB586ABBDC08B4B9B1BDCF
:10BDE000E95A950821BDF6BF770B51BEF16FEB6F95
:10BDF00052425442C02E4342C05F5050F550313041
:10BE00001142FB7F7B300B42113002802333014211
:10BE10000300072E8003052ED3002352E27FD37F39
:10BE2000C07F982EB60ED16F080A1A257B86D07F68
:10BE300001331230982EC2C4D16F080A00B20D2F00
:10BE4000E36F012E80035130C786232E21F208BCF8
:10BE5000C042982EA5B7002E002ED02EB06F0BB882
:10BE6000032E1B00081AB07F7030042F212E21F200
:10BE7000002E002ED02E982E6DC0982E5DC0ED5055
:10BE8000982E44CBEF50982E46C3F150982E53C7AE
:10BE90003550982E64CF1030982EDC032026C06FCA
:10BEA00002311242AB330B42378001300142F3378B
:10BEB000F752FB504440A20A42428B31092E5EF7F2
:10BEC000F954E30883421B4223334B00BC840B40EC
:10BED000333083420B42E07FD17F982E58B7D16F29
:10BEE000803040420330E06FF3540430002E002EC7
:10BEF0000189620EFA2F43421130FB6FC02E0142BE
:10BF0000B05FC14A00006D570000778E0000E0FF6F
:10BF1000FFFFD3FFFFFFE5FFFFFFEEE1FFFF7C1315
:10BF2000000046E6FFFF00000000000000000000E7
:10BF30000000000000000000000000000000000001
:10BF400000000000000000000000000000000000F1
:10BF500000000000000000000000000000000000E1
:10BF6000802E00C1802E00C1802E00C1802E00C115
:10BF7000802E00C1802E00C1802E00C1802E00C105
:10BF8000802E00C1802E00C1802E00C1802E00C1F5
:10BF9000802E00C1802E00C1802E00C1802E00C1E5
:10BFA000802E00C1802E00C1802E00C1802E00C1D5
:10BFB000802E00C1802E00C1802E00C1802E00C1C5
:10BFC000802E00C1802E00C1802E00C1802E00C1B5
:10BFD000802E00C1802E00C1802E00C1802E00C1A5
:10BFE000802E00C1802E00C1802E00C1802E00C195
:10BFF000802E00C1802E00C1802E00C1802E00C185
:10C00000802E00C1802E00C1802E00C1802E00C174
:10C01000802E00C1802E00C1802E00C1802E00C164
:10C02000802E00C1802E00C1802E00C1802E00C154
:10C03000802E00C1802E00C1802E00C1802E00C144
:10C04000802E00C1802E00C1802E00C100000000A3
:10C050006E83F9A22915444ED15727FCC0DD34F573
:10C06000999562DB4190433CAB6351FE68696E7405
:10C070003A20307832343D424D49323730206F6BB0
:10C080002C20307846463D6E6F2041434B2C2030AB
:10C090007830303D4150532064756D6D792C2030DF
:10C0A0007831453D424D4930383820616363656CD5
:10C0B0002C20307846413D424D4930353520616372
:10C0C00063656C0D0A00000069646C652053434C85
:10C0D0003D2575205344413D25752028626F7468C5
:10C0E0002073686F756C6420626520313B203020BE
:10C0F0003D206E6F2070756C6C2D7570206F7220F6
:10C1000062757320737475636B290D0A000000005B
:10C1100020206E6F2041434B2E20494D553636303E
:10C120005241207374696C6C20696E205350492C05
:10C13000206F722043532068656C64206C6F772CED
:10C14000206F72206E6F2070756C6C2D75702E0DC7
:10C150000A00000074C100080000002094010000E3
:10C16000F6090008D4C1000894010020243C000016
:10C17000E44E0008C40024F40026165553415254DE
:10C180003320444D412053696E676C652053656EC2
:10C19000643A2048656C6C6F2046343037210D0AB4
:10C1A00042104201E66F12833A010311803F0B41B6
:10C1B0001122334455AABBCCDDEE53803F350AD75C
:10C1C000233C0320484302203F023D69023C1FD527
:04C1D000AAAAAAAAC3
:040000050800018965
:00000001FF
